collection_extract,ALOUETTE_RIVER,ASHLU_CREEK,ATNARKO_RIVER,BABINE_RIVER-SECTIONS_1_TO_3,BEDWELL_RIVER,BLIND_CREEK,BOWRON_RIVER,BRIDGE_RIVER,BULKLEY_RIVER-UPPER,BURMAN_RIVER,CARIBOO_RIVER-UPPER,CHEAKAMUS_RIVER,CHEHALIS_RIVER_summer,CHEMAINUS_RIVER,CHILAKO_RIVER,CHILKO_RIVER,CHILCOTIN_RIVER,CHILCOTIN_RIVER-UPPER,CHILLIWACK_RIVER_fall,CHILLIWACK_RIVER_summer,CHUCKWALLA_RIVER,COLDWATER_RIVER,CONUMA_RIVER,COQUITLAM_RIVER,COTTONWOOD_RIVER_LOWER,COWICHAN_RIVER,CYPRE_RIVER,DEADMAN_RIVER,ENDAKO_RIVER,FULTON_RIVER,GOLD_RIVER,GOLDSTREAM_RIVER,GOODSPEED_RIVER,GU2,GU4a,GU6b,GU6c,HARRISON_RIVER,HORSEFLY_RIVER,INDIANPOINT_CREEK,KENNEDY_RIVER-LOWER,KILBELLA_RIVER,KITIMAT_RIVER,KITSUMKALUM_RIVER-LOWER,KLOIYA_RIVER,KOKISH_RIVER,LANG_CREEK,LEINER_RIVER,LITTLE_CAMPBELL_RIVER,LITTLE_QUALICUM_RIVER,MAMQUAM_RIVER,MARBLE_RIVER,MARIA_SLOUGH,MCGREGOR_RIVER,MORKILL_RIVER,NAHATLATCH_RIVER,NAHMINT_RIVER,NANAIMO_RIVER_fall,NANAIMO_RIVER_summer,NAZKO_RIVER,NECHAKO_RIVER,NICOLA_RIVER,NICOMEKL_RIVER,NIMPKISH_RIVER,NITINAT_RIVER,NOOSGULCH_RIVER,NUSATSUM_RIVER,OKANAGAN_RIVER,OYSTER_RIVER,PHILLIPS_RIVER,PORTAGE_CREEK,PORTEAU_COVE,PUNTLEDGE_RIVER,PUNTLEDGE_RIVER_fall,QUALICUM_RIVER,QUESNEL_RIVER,QUINSAM_RIVER,ROBERTSON_CREEK,SALLOOMT_RIVER,SALMON_RIVER,SALMON_RIVER_JNST,SALMON_RIVER_SOTH,SAN_JUAN_RIVER,SARITA_RIVER,SERPENTINE_RIVER,SHOVELNOSE_CREEK,SHUSWAP_RIVER-LOWER,SHUSWAP_RIVER-MIDDLE,SLIAMMON_CREEK,SLIM_CREEK,SOOKE_RIVER,SOUTHGATE_RIVER,SPIUS_CREEK,STAVE_RIVER,SUCWOA_RIVER,SWIFT_CREEK,TAHSIS_RIVER,TAHSISH_RIVER,TATCHUN_RIVER,TETE_JAUNE,THORNTON_CREEK,TLUPANA_RIVER,TOQUART_RIVER,TORPY_RIVER,TRANQUIL_CREEK,WANNOCK_RIVER,WEST_ROAD_BLACKWATER_RIVER,WILLOW_RIVER,WOSS_RIVER,YAKOUN_RIVER,YUKON_RIVER@WHITEHORSE
ProvState_extract,BC,BC,BC,BC,BC,YK,BC,BC,BC,BC,BC,BC,BC,BC,BC,BC,BC,BC,BC,BC,BC,BC,BC,BC,BC,BC,BC,BC,BC,BC,BC,BC,BC,0,0,0,0,BC,BC,BC,BC,BC,BC,BC,BC,BC,BC,BC,BC,BC,BC,BC,BC,BC,BC,BC,BC,BC,BC,BC,BC,BC,BC,BC,BC,BC,BC,BC,BC,BC,BC,BC,BC,BC,BC,BC,BC,BC,BC,BC,BC,BC,BC,BC,BC,BC,BC,BC,BC,BC,BC,BC,BC,BC,BC,BC,BC,BC,YK,BC,BC,BC,BC,BC,BC,BC,BC,BC,BC,BC,YK
repunit_extract,FR-XCU,SMn-GStr,BCR-BENT,MSK-LGLKS,SWVI,Pelly,UFR-spring,MFR-spring,MSK-UprBulk,NoKy,MFR-spring,SMn-GStr,LFR-suppl,EVI-fall,MFR-spring,MFR-summer,MFR-spring,MFR-spring,LFR-fall,LFR-suppl,RI,LTh,NoKy,FR-XCU,MFR-spring,CWCH-KOK,SWVI,LTh,MFR-spring,MSK-LGLKS,SWVI,Goldstr,NWVI,0,0,0,0,LFR-fall,MFR-spring,UFR-spring,SWVI,RI,NCC-stream,KALUM-L,SKEst,NEVI,QP-fall,NoKy,BB,QP-fall,SMn-GStr,NWVI,Maria,UFR-spring,UFR-spring,FRCanyon,SWVI,EVI-fall,EVIGStr-sum,MFR-spring,MFR-summer,LTh,BB,NEVI,SWVI,BCR-BENT,BCR-BENT,OK,QP-fall,SMn-SFj,Portage,SMn-GStr,EVIGStr-sum,QP-fall,QP-fall,MFR-summer,NEVI,SWVI,BCR-BENT,UFR-spring,NEVI,STh-1.3,SWVI,SWVI,BB,SMn-GStr,STh-SHUR,STh-SHUR,QP-fall,UFR-spring,SWVI,HOMATH,LTh,LFR-fall,NoKy,UFR-spring,NoKy,NoKy,MidYR,UFR-spring,SWVI,NoKy,SWVI,UFR-spring,SWVI,WANN,MFR-spring,UFR-spring,NEVI,HGN,UpperYR
Notes,,,Includes Upper and Lower Combined,,,,,,2022 not in EPAD,Some Burman still to do,,,,,2022 not in EPAD,,,,Includes Capilano Transfers; 2015-2017 likely has miscounts,,,,,,,,,,,,,,,"Unclear if we have, but not included for PBT","Unclear if we have, but not included for PBT","Unclear if we have, but not included for PBT","Unclear if we have, but not included for PBT",,,,,,,,,,,,,,,2022 not in EPAD,,,,,,,Summer run,2022 not in EPAD,,,,,,,,,,,,,Summer run,,,,,Effective Tagging <25% up to 2018; 70% 2019-2022 due to contamination,,,,,,,,,Includes Kingfisher,,,,,,,,,,,,,,,,,,,,,,,,
StockCode_extract,182,217,79/1940,55,6738,1000139,263,1619,478,1905,352,216,154,151,1304,272,273,1000073,9107,107,1964,1387,117,499,326,118,1902,254,1104,142,30,56,1626,0,0,0,0,229,29,134,94,2515,146,53,293,2514,443,1340,223,102,1184,351,1155,1000142,1000246,2078,413,9126,126,66,345,253,287,437,114,1389,2733,6335,277,2718,74,2732,105,9105,100,155,106,104,72,1625,1288,132,93,1388,288,218,161,1958,124,262,490,1000604,160,244,87,398,1339,1000570,2318,1000039,128,86,2706,1000247,2062,136,2311,269,432,60,14
2013_F_brood,0.00000,0.00000,440.00000,0.00000,12.00000,0.00000,0.00000,0.00000,7.00000,102.00000,0.00000,3.00000,81.00000,3.00000,0.00000,0.00000,0.00000,0.00000,375.00000,117.00000,0.00000,27.00000,670.00000,0.00000,0.00000,67.00000,22.00000,0.00000,0.00000,0.00000,94.00000,9.00000,1.00000,0.00000,0.00000,0.00000,0.00000,98.00000,0.00000,0.00000,61.00000,0.00000,265.00000,46.00000,7.00000,0.00000,156.00000,53.00000,10.00000,524.00000,0.00000,0.00000,0.00000,0.00000,0.00000,0.00000,17.00000,93.00000,20.00000,0.00000,0.00000,71.00000,0.00000,0.00000,1342.00000,0.00000,7.00000,0.00000,4.00000,33.00000,0.00000,39.00000,93.00000,150.00000,447.00000,0.00000,686.00000,1800.00000,1.00000,0.00000,0.00000,22.00000,137.00000,83.00000,0.00000,0.00000,126.00000,52.00000,24.00000,0.00000,0.00000,0.00000,24.00000,0.00000,0.00000,0.00000,5.00000,0.00000,0.00000,0.00000,80.00000,14.00000,34.00000,0.00000,14.00000,41.00000,0.00000,0.00000,25.00000,36.00000,38.00000
2013_F_extract,0.00000,0.00000,439.00000,0.00000,0.00000,0.00000,0.00000,0.00000,0.00000,0.00000,0.00000,1.00000,40.00000,0.00000,0.00000,0.00000,0.00000,0.00000,369.00000,0.00000,0.00000,0.00000,0.00000,0.00000,0.00000,81.00000,0.00000,0.00000,0.00000,0.00000,0.00000,0.00000,0.00000,0.00000,0.00000,0.00000,0.00000,53.00000,0.00000,0.00000,0.00000,0.00000,0.00000,48.00000,0.00000,0.00000,0.00000,0.00000,0.00000,100.00000,0.00000,0.00000,0.00000,0.00000,0.00000,0.00000,14.00000,0.00000,0.00000,0.00000,0.00000,24.00000,0.00000,0.00000,0.00000,0.00000,0.00000,0.00000,0.00000,0.00000,0.00000,0.00000,93.00000,151.00000,451.00000,0.00000,685.00000,1877.00000,0.00000,0.00000,0.00000,0.00000,0.00000,115.00000,0.00000,0.00000,118.00000,52.00000,0.00000,0.00000,0.00000,0.00000,0.00000,0.00000,0.00000,0.00000,0.00000,0.00000,0.00000,0.00000,0.00000,0.00000,0.00000,0.00000,0.00000,0.00000,0.00000,0.00000,0.00000,0.00000,0.00000
2013_F_geno,0.00000,0.00000,388.00000,0.00000,0.00000,0.00000,0.00000,0.00000,0.00000,0.00000,0.00000,1.00000,39.00000,0.00000,0.00000,0.00000,0.00000,0.00000,348.00000,0.00000,0.00000,0.00000,0.00000,0.00000,0.00000,66.00000,0.00000,0.00000,0.00000,0.00000,0.00000,0.00000,0.00000,0.00000,0.00000,0.00000,0.00000,45.00000,0.00000,0.00000,0.00000,0.00000,0.00000,47.00000,0.00000,0.00000,0.00000,0.00000,0.00000,99.00000,0.00000,0.00000,0.00000,0.00000,0.00000,0.00000,13.00000,0.00000,0.00000,0.00000,0.00000,0.00000,0.00000,0.00000,0.00000,0.00000,0.00000,0.00000,0.00000,0.00000,0.00000,0.00000,92.00000,149.00000,443.00000,0.00000,681.00000,1876.00000,0.00000,0.00000,0.00000,0.00000,0.00000,110.00000,0.00000,0.00000,118.00000,52.00000,0.00000,0.00000,0.00000,0.00000,0.00000,0.00000,0.00000,0.00000,0.00000,0.00000,0.00000,0.00000,0.00000,0.00000,0.00000,0.00000,0.00000,0.00000,0.00000,0.00000,0.00000,0.00000,0.00000
2013_M_brood,0.00000,0.00000,464.00000,0.00000,12.00000,0.00000,0.00000,0.00000,21.00000,99.00000,0.00000,6.00000,81.00000,4.00000,0.00000,0.00000,0.00000,0.00000,383.00000,117.00000,0.00000,35.00000,670.00000,0.00000,0.00000,67.00000,22.00000,0.00000,0.00000,0.00000,73.00000,12.00000,1.00000,0.00000,0.00000,0.00000,0.00000,94.00000,0.00000,0.00000,66.00000,0.00000,276.00000,0.00000,8.00000,0.00000,156.00000,66.00000,10.00000,530.00000,0.00000,0.00000,0.00000,0.00000,0.00000,0.00000,7.00000,80.00000,16.00000,0.00000,0.00000,71.00000,0.00000,0.00000,1139.00000,0.00000,14.00000,0.00000,9.00000,38.00000,0.00000,46.00000,93.00000,150.00000,447.00000,0.00000,684.00000,1770.00000,3.00000,0.00000,0.00000,23.00000,137.00000,92.00000,0.00000,0.00000,136.00000,52.00000,28.00000,0.00000,0.00000,0.00000,23.00000,0.00000,0.00000,0.00000,2.00000,0.00000,0.00000,0.00000,85.00000,14.00000,42.00000,0.00000,14.00000,40.00000,0.00000,0.00000,34.00000,36.00000,69.00000
2013_M_extract,0.00000,0.00000,455.00000,0.00000,0.00000,0.00000,0.00000,0.00000,0.00000,0.00000,0.00000,2.00000,45.00000,0.00000,0.00000,0.00000,0.00000,0.00000,374.00000,0.00000,0.00000,0.00000,0.00000,0.00000,0.00000,35.00000,0.00000,0.00000,0.00000,0.00000,0.00000,0.00000,0.00000,0.00000,0.00000,0.00000,0.00000,85.00000,0.00000,0.00000,0.00000,0.00000,0.00000,89.00000,0.00000,0.00000,0.00000,0.00000,0.00000,100.00000,0.00000,0.00000,0.00000,0.00000,0.00000,0.00000,14.00000,0.00000,0.00000,0.00000,0.00000,24.00000,0.00000,0.00000,0.00000,0.00000,0.00000,0.00000,0.00000,0.00000,0.00000,0.00000,95.00000,150.00000,478.00000,0.00000,687.00000,2229.00000,0.00000,0.00000,0.00000,0.00000,0.00000,160.00000,0.00000,0.00000,121.00000,51.00000,0.00000,0.00000,0.00000,0.00000,0.00000,0.00000,0.00000,0.00000,0.00000,0.00000,0.00000,0.00000,0.00000,0.00000,0.00000,0.00000,0.00000,0.00000,0.00000,0.00000,0.00000,0.00000,0.00000
2013_M_geno,0.00000,0.00000,428.00000,0.00000,0.00000,0.00000,0.00000,0.00000,0.00000,0.00000,0.00000,2.00000,45.00000,0.00000,0.00000,0.00000,0.00000,0.00000,355.00000,0.00000,0.00000,0.00000,0.00000,0.00000,0.00000,32.00000,0.00000,0.00000,0.00000,0.00000,0.00000,0.00000,0.00000,0.00000,0.00000,0.00000,0.00000,66.00000,0.00000,0.00000,0.00000,0.00000,0.00000,88.00000,0.00000,0.00000,0.00000,0.00000,0.00000,100.00000,0.00000,0.00000,0.00000,0.00000,0.00000,0.00000,13.00000,0.00000,0.00000,0.00000,0.00000,0.00000,0.00000,0.00000,0.00000,0.00000,0.00000,0.00000,0.00000,0.00000,0.00000,0.00000,94.00000,150.00000,476.00000,0.00000,687.00000,2227.00000,0.00000,0.00000,0.00000,0.00000,0.00000,157.00000,0.00000,0.00000,26.00000,51.00000,0.00000,0.00000,0.00000,0.00000,0.00000,0.00000,0.00000,0.00000,0.00000,0.00000,0.00000,0.00000,0.00000,0.00000,0.00000,0.00000,0.00000,0.00000,0.00000,0.00000,0.00000,0.00000,0.00000
2013_Tag_Rate,0.00000,0.00000,0.81340,0.00000,0.00000,0.00000,0.00000,0.00000,0.00000,0.00000,0.00000,0.11111,0.26749,0.00000,0.00000,0.00000,0.00000,0.00000,0.86016,0.00000,0.00000,0.00000,0.00000,0.00000,0.00000,0.47048,0.00000,0.00000,0.00000,0.00000,0.00000,0.00000,0.00000,0.00000,0.00000,0.00000,0.00000,0.32241,0.00000,0.00000,0.00000,0.00000,0.00000,1*,0.00000,0.00000,0.00000,0.00000,0.00000,0.03565,0.00000,0.00000,0.00000,0.00000,0.00000,0.00000,0.76471,0.00000,0.00000,0.00000,0.00000,0.00000,0.00000,0.00000,0.00000,0.00000,0.00000,0.00000,0.00000,0.00000,0.00000,0.00000,0.98925,0.99333,0.99105,0.00000,0.99271,>1,0.00000,0.00000,0.00000,0.00000,0.00000,>1,0.00000,0.00000,0.17904,0.98077,0.00000,0.00000,0.00000,0.00000,0.00000,0.00000,0.00000,0.00000,0.00000,0.00000,0.00000,0.00000,0.00000,0.00000,0.00000,0.00000,0.00000,0.00000,0.00000,0.00000,0.00000,0.00000,0.00000
2014_F_brood,0.00000,2.00000,469.00000,0.00000,0.00000,0.00000,0.00000,0.00000,6.00000,89.00000,0.00000,35.00000,80.00000,12.00000,0.00000,44.00000,0.00000,0.00000,364.00000,124.00000,1.00000,32.00000,738.00000,0.00000,0.00000,248.00000,0.00000,0.00000,0.00000,0.00000,83.00000,0.00000,0.00000,0.00000,0.00000,0.00000,0.00000,112.00000,0.00000,0.00000,0.00000,3.00000,249.00000,50.00000,3.00000,0.00000,200.00000,18.00000,10.00000,479.00000,9.00000,0.00000,0.00000,0.00000,0.00000,0.00000,7.00000,60.00000,61.00000,0.00000,0.00000,60.00000,0.00000,0.00000,1210.00000,0.00000,10.00000,0.00000,25.00000,29.00000,0.00000,0.00000,140.00000,377.00000,738.00000,1.00000,555.00000,2127.00000,2.00000,0.00000,16.00000,22.00000,62.00000,41.00000,16.00000,11.00000,140.00000,45.00000,2.00000,0.00000,51.00000,0.00000,29.00000,0.00000,0.00000,0.00000,3.00000,0.00000,0.00000,0.00000,84.00000,13.00000,38.00000,0.00000,0.00000,43.00000,0.00000,0.00000,70.00000,24.00000,40.00000
2014_F_extract,0.00000,0.00000,443.00000,0.00000,0.00000,0.00000,0.00000,0.00000,0.00000,85.00000,0.00000,0.00000,0.00000,0.00000,0.00000,44.00000,0.00000,0.00000,362.00000,0.00000,0.00000,0.00000,147.00000,0.00000,0.00000,251.00000,0.00000,0.00000,0.00000,0.00000,50.00000,0.00000,0.00000,0.00000,0.00000,0.00000,0.00000,112.00000,0.00000,0.00000,0.00000,0.00000,0.00000,50.00000,0.00000,0.00000,0.00000,26.00000,0.00000,0.00000,0.00000,0.00000,0.00000,0.00000,0.00000,0.00000,7.00000,0.00000,0.00000,0.00000,0.00000,0.00000,0.00000,0.00000,150.00000,0.00000,0.00000,0.00000,0.00000,25.00000,0.00000,0.00000,140.00000,376.00000,765.00000,0.00000,554.00000,2123.00000,0.00000,0.00000,0.00000,0.00000,0.00000,44.00000,0.00000,0.00000,119.00000,47.00000,0.00000,0.00000,0.00000,0.00000,0.00000,0.00000,0.00000,0.00000,2.00000,0.00000,0.00000,0.00000,0.00000,13.00000,0.00000,0.00000,0.00000,0.00000,0.00000,0.00000,0.00000,0.00000,0.00000
2014_F_geno,0.00000,0.00000,327.00000,0.00000,0.00000,0.00000,0.00000,0.00000,0.00000,85.00000,0.00000,0.00000,0.00000,0.00000,0.00000,43.00000,0.00000,0.00000,347.00000,0.00000,0.00000,0.00000,147.00000,0.00000,0.00000,249.00000,0.00000,0.00000,0.00000,0.00000,48.00000,0.00000,0.00000,0.00000,0.00000,0.00000,0.00000,104.00000,0.00000,0.00000,0.00000,0.00000,0.00000,50.00000,0.00000,0.00000,0.00000,26.00000,0.00000,0.00000,0.00000,0.00000,0.00000,0.00000,0.00000,0.00000,4.00000,0.00000,0.00000,0.00000,0.00000,0.00000,0.00000,0.00000,146.00000,0.00000,0.00000,0.00000,0.00000,23.00000,0.00000,0.00000,139.00000,327.00000,701.00000,0.00000,546.00000,2013.00000,0.00000,0.00000,0.00000,0.00000,0.00000,43.00000,0.00000,0.00000,118.00000,47.00000,0.00000,0.00000,0.00000,0.00000,0.00000,0.00000,0.00000,0.00000,2.00000,0.00000,0.00000,0.00000,0.00000,13.00000,0.00000,0.00000,0.00000,0.00000,0.00000,0.00000,0.00000,0.00000,0.00000
2014_M_brood,0.00000,1.00000,477.00000,0.00000,0.00000,0.00000,0.00000,0.00000,24.00000,76.00000,0.00000,37.00000,80.00000,15.00000,0.00000,46.00000,0.00000,0.00000,362.00000,126.00000,1.00000,33.00000,769.00000,0.00000,0.00000,155.00000,0.00000,0.00000,0.00000,0.00000,78.00000,0.00000,0.00000,0.00000,0.00000,0.00000,0.00000,114.00000,0.00000,0.00000,0.00000,7.00000,253.00000,0.00000,5.00000,0.00000,200.00000,20.00000,10.00000,534.00000,9.00000,0.00000,0.00000,0.00000,0.00000,0.00000,8.00000,51.00000,63.00000,0.00000,0.00000,60.00000,0.00000,0.00000,1188.00000,0.00000,7.00000,0.00000,14.00000,29.00000,0.00000,0.00000,140.00000,380.00000,787.00000,1.00000,556.00000,2231.00000,5.00000,0.00000,23.00000,21.00000,64.00000,42.00000,17.00000,12.00000,129.00000,52.00000,1.00000,0.00000,51.00000,0.00000,23.00000,0.00000,0.00000,0.00000,3.00000,0.00000,0.00000,0.00000,114.00000,16.00000,38.00000,0.00000,0.00000,43.00000,0.00000,0.00000,70.00000,25.00000,68.00000
2014_M_extract,0.00000,0.00000,465.00000,0.00000,0.00000,0.00000,0.00000,0.00000,0.00000,76.00000,0.00000,0.00000,0.00000,0.00000,0.00000,45.00000,0.00000,0.00000,358.00000,0.00000,0.00000,0.00000,150.00000,0.00000,0.00000,195.00000,0.00000,0.00000,0.00000,0.00000,50.00000,0.00000,0.00000,0.00000,0.00000,0.00000,0.00000,113.00000,0.00000,0.00000,0.00000,0.00000,0.00000,99.00000,0.00000,0.00000,0.00000,31.00000,0.00000,0.00000,0.00000,0.00000,0.00000,0.00000,0.00000,0.00000,12.00000,0.00000,0.00000,0.00000,0.00000,33.00000,0.00000,0.00000,150.00000,0.00000,0.00000,0.00000,0.00000,11.00000,0.00000,0.00000,140.00000,400.00000,772.00000,0.00000,556.00000,2029.00000,0.00000,0.00000,0.00000,0.00000,0.00000,56.00000,0.00000,0.00000,125.00000,54.00000,0.00000,0.00000,0.00000,0.00000,0.00000,0.00000,0.00000,0.00000,6.00000,0.00000,0.00000,0.00000,0.00000,16.00000,0.00000,0.00000,0.00000,0.00000,0.00000,0.00000,0.00000,0.00000,0.00000
2014_M_geno,0.00000,0.00000,278.00000,0.00000,0.00000,0.00000,0.00000,0.00000,0.00000,76.00000,0.00000,0.00000,0.00000,0.00000,0.00000,45.00000,0.00000,0.00000,353.00000,0.00000,0.00000,0.00000,149.00000,0.00000,0.00000,176.00000,0.00000,0.00000,0.00000,0.00000,44.00000,0.00000,0.00000,0.00000,0.00000,0.00000,0.00000,108.00000,0.00000,0.00000,0.00000,0.00000,0.00000,99.00000,0.00000,0.00000,0.00000,31.00000,0.00000,0.00000,0.00000,0.00000,0.00000,0.00000,0.00000,0.00000,10.00000,0.00000,0.00000,0.00000,0.00000,33.00000,0.00000,0.00000,149.00000,0.00000,0.00000,0.00000,0.00000,9.00000,0.00000,0.00000,140.00000,322.00000,671.00000,0.00000,555.00000,1988.00000,0.00000,0.00000,0.00000,0.00000,0.00000,56.00000,0.00000,0.00000,125.00000,54.00000,0.00000,0.00000,0.00000,0.00000,0.00000,0.00000,0.00000,0.00000,6.00000,0.00000,0.00000,0.00000,0.00000,16.00000,0.00000,0.00000,0.00000,0.00000,0.00000,0.00000,0.00000,0.00000,0.00000
2014_Tag_Rate,0.00000,0.00000,0.40635,0.00000,0.00000,0.00000,0.00000,0.00000,0.00000,0.95506,0.00000,0.00000,0.00000,0.00000,0.00000,0.95603,0.00000,0.00000,0.92960,0.00000,0.00000,0.00000,0.03859,0.00000,0.00000,>1,0.00000,0.00000,0.00000,0.00000,0.32623,0.00000,0.00000,0.00000,0.00000,0.00000,0.00000,0.87970,0.00000,0.00000,0.00000,0.00000,0.00000,1*,0.00000,0.00000,0.00000,>1,0.00000,0.00000,0.00000,0.00000,0.00000,0.00000,0.00000,0.00000,0.57143,0.00000,0.00000,0.00000,0.00000,0.00000,0.00000,0.00000,0.01513,0.00000,0.00000,0.00000,0.00000,0.24614,0.00000,0.00000,0.99286,0.73499,0.80986,0.00000,0.98201,0.84332,0.00000,0.00000,0.00000,0.00000,0.00000,>1,0.00000,0.00000,0.81672,>1,0.00000,0.00000,0.00000,0.00000,0.00000,0.00000,0.00000,0.00000,0.66667,0.00000,0.00000,0.00000,0.00000,1.00000,0.00000,0.00000,0.00000,0.00000,0.00000,0.00000,0.00000,0.00000,0.00000
2015_F_brood,0.00000,1.00000,484.00000,0.00000,10.00000,0.00000,0.00000,0.00000,14.00000,104.00000,0.00000,31.00000,82.00000,12.00000,0.00000,32.00000,0.00000,0.00000,647.00000,127.00000,2.00000,17.00000,858.00000,29.00000,0.00000,241.00000,25.00000,0.00000,0.00000,0.00000,19.00000,0.00000,0.00000,0.00000,0.00000,0.00000,0.00000,127.00000,0.00000,0.00000,58.00000,6.00000,243.00000,51.00000,0.00000,0.00000,206.00000,47.00000,10.00000,560.00000,8.00000,0.00000,0.00000,0.00000,0.00000,0.00000,19.00000,76.00000,29.00000,0.00000,0.00000,54.00000,0.00000,0.00000,1196.00000,0.00000,4.00000,0.00000,15.00000,29.00000,0.00000,0.00000,90.00000,392.00000,755.00000,1.00000,700.00000,2201.00000,9.00000,0.00000,0.00000,24.00000,68.00000,103.00000,81.00000,10.00000,130.00000,54.00000,9.00000,0.00000,85.00000,0.00000,30.00000,0.00000,0.00000,0.00000,14.00000,0.00000,0.00000,0.00000,97.00000,0.00000,10.00000,0.00000,0.00000,53.00000,0.00000,0.00000,79.00000,25.00000,40.00000
2015_F_extract,0.00000,0.00000,504.00000,0.00000,0.00000,0.00000,0.00000,0.00000,0.00000,104.00000,0.00000,0.00000,0.00000,0.00000,0.00000,30.00000,0.00000,0.00000,647.00000,0.00000,0.00000,17.00000,0.00000,0.00000,0.00000,247.00000,0.00000,0.00000,0.00000,0.00000,6.00000,0.00000,0.00000,0.00000,0.00000,0.00000,0.00000,128.00000,0.00000,0.00000,0.00000,0.00000,0.00000,46.00000,0.00000,0.00000,0.00000,0.00000,0.00000,0.00000,0.00000,0.00000,0.00000,0.00000,0.00000,0.00000,16.00000,0.00000,0.00000,0.00000,0.00000,56.00000,0.00000,0.00000,100.00000,0.00000,0.00000,0.00000,0.00000,29.00000,0.00000,0.00000,88.00000,392.00000,774.00000,0.00000,694.00000,2301.00000,0.00000,0.00000,0.00000,0.00000,0.00000,126.00000,0.00000,0.00000,124.00000,52.00000,0.00000,0.00000,0.00000,0.00000,30.00000,0.00000,0.00000,0.00000,0.00000,0.00000,0.00000,0.00000,40.00000,0.00000,0.00000,0.00000,0.00000,0.00000,0.00000,0.00000,0.00000,0.00000,0.00000
2015_F_geno,0.00000,0.00000,427.00000,0.00000,0.00000,0.00000,0.00000,0.00000,0.00000,103.00000,0.00000,0.00000,0.00000,0.00000,0.00000,30.00000,0.00000,0.00000,581.00000,0.00000,0.00000,17.00000,0.00000,0.00000,0.00000,241.00000,0.00000,0.00000,0.00000,0.00000,6.00000,0.00000,0.00000,0.00000,0.00000,0.00000,0.00000,123.00000,0.00000,0.00000,0.00000,0.00000,0.00000,45.00000,0.00000,0.00000,0.00000,0.00000,0.00000,0.00000,0.00000,0.00000,0.00000,0.00000,0.00000,0.00000,16.00000,0.00000,0.00000,0.00000,0.00000,54.00000,0.00000,0.00000,96.00000,0.00000,0.00000,0.00000,0.00000,29.00000,0.00000,0.00000,88.00000,389.00000,727.00000,0.00000,673.00000,2202.00000,0.00000,0.00000,0.00000,0.00000,0.00000,126.00000,0.00000,0.00000,123.00000,52.00000,0.00000,0.00000,0.00000,0.00000,30.00000,0.00000,0.00000,0.00000,0.00000,0.00000,0.00000,0.00000,40.00000,0.00000,0.00000,0.00000,0.00000,0.00000,0.00000,0.00000,0.00000,0.00000,0.00000
2015_M_brood,0.00000,1.00000,521.00000,0.00000,10.00000,0.00000,0.00000,0.00000,40.00000,104.00000,0.00000,32.00000,82.00000,16.00000,0.00000,32.00000,0.00000,0.00000,653.00000,128.00000,7.00000,16.00000,858.00000,50.00000,0.00000,162.00000,25.00000,0.00000,0.00000,0.00000,20.00000,0.00000,0.00000,0.00000,0.00000,0.00000,0.00000,127.00000,0.00000,0.00000,58.00000,10.00000,252.00000,0.00000,0.00000,0.00000,206.00000,79.00000,10.00000,654.00000,8.00000,0.00000,0.00000,0.00000,0.00000,0.00000,22.00000,79.00000,30.00000,0.00000,0.00000,65.00000,0.00000,0.00000,1236.00000,0.00000,4.00000,0.00000,16.00000,28.00000,0.00000,0.00000,74.00000,392.00000,773.00000,2.00000,623.00000,2167.00000,24.00000,0.00000,0.00000,25.00000,68.00000,103.00000,81.00000,11.00000,143.00000,55.00000,11.00000,0.00000,71.00000,0.00000,28.00000,0.00000,0.00000,0.00000,15.00000,0.00000,0.00000,0.00000,98.00000,0.00000,16.00000,0.00000,0.00000,58.00000,0.00000,0.00000,80.00000,25.00000,79.00000
2015_M_extract,0.00000,0.00000,518.00000,0.00000,0.00000,0.00000,0.00000,0.00000,0.00000,145.00000,0.00000,0.00000,0.00000,0.00000,0.00000,32.00000,0.00000,0.00000,750.00000,0.00000,0.00000,16.00000,15.00000,0.00000,0.00000,161.00000,0.00000,0.00000,0.00000,0.00000,59.00000,0.00000,0.00000,0.00000,0.00000,0.00000,0.00000,117.00000,0.00000,0.00000,0.00000,0.00000,0.00000,93.00000,0.00000,0.00000,0.00000,0.00000,0.00000,0.00000,0.00000,0.00000,0.00000,0.00000,0.00000,0.00000,41.00000,0.00000,0.00000,0.00000,0.00000,57.00000,0.00000,0.00000,197.00000,0.00000,0.00000,0.00000,0.00000,26.00000,0.00000,0.00000,94.00000,399.00000,930.00000,0.00000,714.00000,2408.00000,0.00000,0.00000,0.00000,0.00000,0.00000,159.00000,0.00000,0.00000,127.00000,55.00000,0.00000,0.00000,0.00000,0.00000,28.00000,0.00000,0.00000,0.00000,0.00000,0.00000,0.00000,0.00000,59.00000,0.00000,0.00000,0.00000,0.00000,0.00000,0.00000,0.00000,0.00000,0.00000,0.00000
2015_M_geno,0.00000,0.00000,455.00000,0.00000,0.00000,0.00000,0.00000,0.00000,0.00000,143.00000,0.00000,0.00000,0.00000,0.00000,0.00000,32.00000,0.00000,0.00000,732.00000,0.00000,0.00000,16.00000,15.00000,0.00000,0.00000,155.00000,0.00000,0.00000,0.00000,0.00000,59.00000,0.00000,0.00000,0.00000,0.00000,0.00000,0.00000,117.00000,0.00000,0.00000,0.00000,0.00000,0.00000,92.00000,0.00000,0.00000,0.00000,0.00000,0.00000,0.00000,0.00000,0.00000,0.00000,0.00000,0.00000,0.00000,36.00000,0.00000,0.00000,0.00000,0.00000,56.00000,0.00000,0.00000,189.00000,0.00000,0.00000,0.00000,0.00000,26.00000,0.00000,0.00000,86.00000,398.00000,877.00000,0.00000,691.00000,2376.00000,0.00000,0.00000,0.00000,0.00000,0.00000,158.00000,0.00000,0.00000,46.00000,53.00000,0.00000,0.00000,0.00000,0.00000,28.00000,0.00000,0.00000,0.00000,0.00000,0.00000,0.00000,0.00000,59.00000,0.00000,0.00000,0.00000,0.00000,0.00000,0.00000,0.00000,0.00000,0.00000,0.00000
2015_Tag_Rate,0.00000,0.00000,0.77047,0.00000,0.00000,0.00000,0.00000,0.00000,0.00000,0.99039,0.00000,0.00000,0.00000,0.00000,0.00000,0.93750,0.00000,0.00000,>1,0.00000,0.00000,1.00000,0.00000,0.00000,0.00000,0.95679,0.00000,0.00000,0.00000,0.00000,0.31579,0.00000,0.00000,0.00000,0.00000,0.00000,0.00000,0.89224,0.00000,0.00000,0.00000,0.00000,0.00000,1*,0.00000,0.00000,0.00000,0.00000,0.00000,0.00000,0.00000,0.00000,0.00000,0.00000,0.00000,0.00000,0.84211,0.00000,0.00000,0.00000,0.00000,0.86154,0.00000,0.00000,0.01227,0.00000,0.00000,0.00000,0.00000,0.92857,0.00000,0.00000,0.97778,0.99235,0.96291,0.00000,0.96143,>1,0.00000,0.00000,0.00000,0.00000,0.00000,>1,0.00000,0.00000,0.30436,0.92795,0.00000,0.00000,0.00000,0.00000,1.00000,0.00000,0.00000,0.00000,0.00000,0.00000,0.00000,0.00000,0.24826,0.00000,0.00000,0.00000,0.00000,0.00000,0.00000,0.00000,0.00000,0.00000,0.00000
2016_F_brood,0.00000,2.00000,498.00000,0.00000,4.00000,0.00000,0.00000,0.00000,6.00000,99.00000,0.00000,27.00000,80.00000,6.00000,0.00000,26.00000,0.00000,0.00000,404.00000,143.00000,7.00000,32.00000,817.00000,0.00000,0.00000,202.00000,0.00000,0.00000,0.00000,0.00000,153.00000,2.00000,0.00000,0.00000,0.00000,0.00000,0.00000,104.00000,0.00000,0.00000,69.00000,4.00000,366.00000,50.00000,8.00000,0.00000,0.00000,66.00000,16.00000,520.00000,10.00000,195.00000,0.00000,0.00000,0.00000,0.00000,13.00000,51.00000,25.00000,0.00000,1.00000,57.00000,3.00000,0.00000,1301.00000,0.00000,4.00000,0.00000,10.00000,22.00000,0.00000,0.00000,42.00000,484.00000,819.00000,1.00000,810.00000,2337.00000,8.00000,0.00000,0.00000,3.00000,159.00000,102.00000,65.00000,6.00000,138.00000,50.00000,8.00000,0.00000,56.00000,0.00000,32.00000,0.00000,0.00000,0.00000,31.00000,0.00000,0.00000,0.00000,38.00000,0.00000,9.00000,0.00000,1.00000,38.00000,0.00000,0.00000,77.00000,24.00000,40.00000
2016_F_extract,0.00000,2.00000,490.00000,0.00000,6.00000,0.00000,0.00000,0.00000,17.00000,40.00000,0.00000,27.00000,0.00000,0.00000,0.00000,26.00000,0.00000,0.00000,664.00000,0.00000,8.00000,0.00000,50.00000,0.00000,0.00000,202.00000,0.00000,0.00000,0.00000,0.00000,0.00000,0.00000,0.00000,0.00000,0.00000,0.00000,0.00000,106.00000,0.00000,0.00000,0.00000,2.00000,369.00000,46.00000,0.00000,0.00000,0.00000,0.00000,0.00000,0.00000,11.00000,0.00000,0.00000,0.00000,0.00000,0.00000,28.00000,0.00000,0.00000,0.00000,0.00000,57.00000,0.00000,50.00000,99.00000,0.00000,0.00000,0.00000,0.00000,23.00000,0.00000,0.00000,42.00000,474.00000,728.00000,0.00000,804.00000,2328.00000,0.00000,0.00000,0.00000,0.00000,0.00000,133.00000,0.00000,6.00000,130.00000,50.00000,0.00000,0.00000,0.00000,0.00000,0.00000,0.00000,0.00000,0.00000,0.00000,0.00000,0.00000,0.00000,38.00000,0.00000,0.00000,0.00000,0.00000,23.00000,0.00000,0.00000,0.00000,24.00000,
2016_F_geno,0.00000,2.00000,375.00000,0.00000,6.00000,0.00000,0.00000,0.00000,15.00000,39.00000,0.00000,15.00000,0.00000,0.00000,0.00000,26.00000,0.00000,0.00000,596.00000,0.00000,3.00000,0.00000,0.00000,0.00000,0.00000,195.00000,0.00000,0.00000,0.00000,0.00000,0.00000,0.00000,0.00000,0.00000,0.00000,0.00000,0.00000,106.00000,0.00000,0.00000,0.00000,0.00000,336.00000,44.00000,0.00000,0.00000,0.00000,0.00000,0.00000,0.00000,11.00000,0.00000,0.00000,0.00000,0.00000,0.00000,28.00000,0.00000,0.00000,0.00000,0.00000,54.00000,0.00000,46.00000,99.00000,0.00000,0.00000,0.00000,0.00000,23.00000,0.00000,0.00000,41.00000,445.00000,466.00000,0.00000,605.00000,2299.00000,0.00000,0.00000,0.00000,0.00000,0.00000,120.00000,0.00000,5.00000,127.00000,46.00000,0.00000,0.00000,0.00000,0.00000,0.00000,0.00000,0.00000,0.00000,0.00000,0.00000,0.00000,0.00000,29.00000,0.00000,0.00000,0.00000,0.00000,23.00000,0.00000,0.00000,0.00000,24.00000,0.00000
2016_M_brood,0.00000,2.00000,516.00000,0.00000,4.00000,0.00000,0.00000,0.00000,21.00000,97.00000,0.00000,35.00000,80.00000,6.00000,0.00000,25.00000,0.00000,0.00000,404.00000,69.00000,10.00000,28.00000,817.00000,0.00000,0.00000,225.00000,0.00000,0.00000,0.00000,0.00000,161.00000,5.00000,0.00000,0.00000,0.00000,0.00000,0.00000,106.00000,0.00000,0.00000,43.00000,9.00000,370.00000,0.00000,9.00000,0.00000,0.00000,77.00000,40.00000,531.00000,12.00000,187.00000,0.00000,0.00000,0.00000,0.00000,18.00000,54.00000,26.00000,0.00000,2.00000,54.00000,4.00000,0.00000,1147.00000,0.00000,7.00000,0.00000,16.00000,22.00000,0.00000,0.00000,86.00000,484.00000,775.00000,2.00000,747.00000,2337.00000,11.00000,0.00000,0.00000,3.00000,159.00000,106.00000,65.00000,8.00000,155.00000,44.00000,7.00000,0.00000,32.00000,0.00000,14.00000,0.00000,0.00000,0.00000,74.00000,0.00000,0.00000,0.00000,42.00000,0.00000,9.00000,0.00000,1.00000,43.00000,0.00000,0.00000,45.00000,17.00000,81.00000
2016_M_extract,0.00000,2.00000,512.00000,0.00000,7.00000,0.00000,0.00000,0.00000,20.00000,20.00000,0.00000,33.00000,0.00000,0.00000,0.00000,26.00000,0.00000,0.00000,729.00000,0.00000,10.00000,0.00000,100.00000,0.00000,0.00000,109.00000,0.00000,0.00000,0.00000,0.00000,0.00000,0.00000,0.00000,0.00000,0.00000,0.00000,0.00000,110.00000,0.00000,0.00000,0.00000,12.00000,381.00000,96.00000,0.00000,0.00000,0.00000,0.00000,0.00000,0.00000,10.00000,0.00000,0.00000,0.00000,0.00000,0.00000,36.00000,0.00000,0.00000,0.00000,0.00000,52.00000,0.00000,36.00000,100.00000,0.00000,0.00000,0.00000,0.00000,10.00000,0.00000,0.00000,86.00000,483.00000,796.00000,0.00000,746.00000,2251.00000,0.00000,0.00000,0.00000,0.00000,0.00000,150.00000,0.00000,8.00000,130.00000,42.00000,0.00000,0.00000,0.00000,0.00000,0.00000,0.00000,0.00000,0.00000,0.00000,0.00000,0.00000,0.00000,46.00000,0.00000,0.00000,0.00000,0.00000,25.00000,0.00000,0.00000,0.00000,17.00000,0.00000
2016_M_geno,0.00000,1.00000,271.00000,0.00000,5.00000,0.00000,0.00000,0.00000,17.00000,20.00000,0.00000,24.00000,0.00000,0.00000,0.00000,24.00000,0.00000,0.00000,668.00000,0.00000,2.00000,0.00000,0.00000,0.00000,0.00000,79.00000,0.00000,0.00000,0.00000,0.00000,0.00000,0.00000,0.00000,0.00000,0.00000,0.00000,0.00000,107.00000,0.00000,0.00000,0.00000,3.00000,369.00000,92.00000,0.00000,0.00000,0.00000,0.00000,0.00000,0.00000,9.00000,0.00000,0.00000,0.00000,0.00000,0.00000,36.00000,0.00000,0.00000,0.00000,0.00000,50.00000,0.00000,31.00000,100.00000,0.00000,0.00000,0.00000,0.00000,10.00000,0.00000,0.00000,82.00000,478.00000,457.00000,0.00000,724.00000,2205.00000,0.00000,0.00000,0.00000,0.00000,0.00000,130.00000,0.00000,8.00000,126.00000,42.00000,0.00000,0.00000,0.00000,0.00000,0.00000,0.00000,0.00000,0.00000,0.00000,0.00000,0.00000,0.00000,30.00000,0.00000,0.00000,0.00000,0.00000,24.00000,0.00000,0.00000,0.00000,17.00000,0.00000
2016_Tag_Rate,0.00000,0.50000,0.39548,0.00000,>1,0.00000,0.00000,0.00000,0.80952,0.08122,0.00000,0.38095,0.00000,0.00000,0.00000,0.96000,0.00000,0.00000,>1,0.00000,0.08571,0.00000,0.00000,0.00000,0.00000,0.33894,0.00000,0.00000,0.00000,0.00000,0.00000,0.00000,0.00000,0.00000,0.00000,0.00000,0.00000,>1,0.00000,0.00000,0.00000,0.00000,0.91555,1*,0.00000,0.00000,0.00000,0.00000,0.00000,0.00000,0.75000,0.00000,0.00000,0.00000,0.00000,0.00000,>1,0.00000,0.00000,0.00000,0.00000,0.87719,0.00000,1*,0.00663,0.00000,0.00000,0.00000,0.00000,0.45455,0.00000,0.00000,0.93079,0.90802,0.33552,0.00000,0.72392,0.92818,0.00000,0.00000,0.00000,0.00000,0.00000,>1,0.00000,0.83333,0.74811,0.87818,0.00000,0.00000,0.00000,0.00000,0.00000,0.00000,0.00000,0.00000,0.00000,0.00000,0.00000,0.00000,0.54511,0.00000,0.00000,0.00000,0.00000,0.33782,0.00000,0.00000,0.00000,1.00000,0.00000
2017_F_brood,0.00000,6.00000,470.00000,0.00000,13.00000,0.00000,0.00000,0.00000,6.00000,95.00000,0.00000,27.00000,73.00000,0.00000,0.00000,44.00000,0.00000,0.00000,429.00000,153.00000,5.00000,30.00000,850.00000,0.00000,0.00000,208.00000,0.00000,0.00000,0.00000,0.00000,61.00000,0.00000,0.00000,0.00000,0.00000,0.00000,0.00000,133.00000,0.00000,0.00000,5.00000,6.00000,342.00000,35.00000,4.00000,0.00000,213.00000,50.00000,19.00000,677.00000,8.00000,239.00000,0.00000,0.00000,0.00000,0.00000,25.00000,86.00000,73.00000,0.00000,0.00000,65.00000,0.00000,0.00000,1137.00000,0.00000,7.00000,0.00000,18.00000,22.00000,0.00000,0.00000,111.00000,439.00000,913.00000,1.00000,767.00000,2303.00000,5.00000,0.00000,0.00000,18.00000,118.00000,155.00000,40.00000,3.00000,149.00000,56.00000,0.00000,0.00000,44.00000,0.00000,22.00000,0.00000,0.00000,0.00000,35.00000,0.00000,0.00000,0.00000,38.00000,0.00000,10.00000,0.00000,13.00000,47.00000,0.00000,0.00000,34.00000,24.00000,39.00000
2017_F_extract,0.00000,6.00000,469.00000,0.00000,13.00000,0.00000,0.00000,0.00000,22.00000,0.00000,0.00000,27.00000,0.00000,0.00000,0.00000,44.00000,0.00000,0.00000,630.00000,0.00000,5.00000,0.00000,0.00000,0.00000,0.00000,208.00000,0.00000,0.00000,0.00000,0.00000,0.00000,0.00000,0.00000,0.00000,0.00000,0.00000,0.00000,131.00000,0.00000,0.00000,6.00000,6.00000,0.00000,33.00000,0.00000,0.00000,0.00000,0.00000,0.00000,0.00000,8.00000,0.00000,0.00000,0.00000,0.00000,0.00000,43.00000,0.00000,0.00000,0.00000,0.00000,64.00000,0.00000,0.00000,0.00000,0.00000,0.00000,0.00000,0.00000,22.00000,0.00000,0.00000,110.00000,433.00000,914.00000,0.00000,756.00000,2186.00000,0.00000,0.00000,0.00000,0.00000,48.00000,155.00000,0.00000,3.00000,131.00000,54.00000,0.00000,0.00000,0.00000,0.00000,0.00000,0.00000,0.00000,0.00000,0.00000,0.00000,0.00000,0.00000,0.00000,0.00000,0.00000,0.00000,13.00000,48.00000,0.00000,0.00000,0.00000,0.00000,0.00000
2017_F_geno,0.00000,6.00000,417.00000,0.00000,1.00000,0.00000,0.00000,0.00000,19.00000,0.00000,0.00000,21.00000,0.00000,0.00000,0.00000,39.00000,0.00000,0.00000,440.00000,0.00000,4.00000,0.00000,0.00000,0.00000,0.00000,200.00000,0.00000,0.00000,0.00000,0.00000,0.00000,0.00000,0.00000,0.00000,0.00000,0.00000,0.00000,126.00000,0.00000,0.00000,4.00000,5.00000,0.00000,31.00000,0.00000,0.00000,0.00000,0.00000,0.00000,0.00000,7.00000,0.00000,0.00000,0.00000,0.00000,0.00000,19.00000,0.00000,0.00000,0.00000,0.00000,54.00000,0.00000,0.00000,0.00000,0.00000,0.00000,0.00000,0.00000,22.00000,0.00000,0.00000,106.00000,428.00000,838.00000,0.00000,743.00000,2176.00000,0.00000,0.00000,0.00000,0.00000,48.00000,155.00000,0.00000,3.00000,93.00000,51.00000,0.00000,0.00000,0.00000,0.00000,0.00000,0.00000,0.00000,0.00000,0.00000,0.00000,0.00000,0.00000,0.00000,0.00000,0.00000,0.00000,4.00000,48.00000,0.00000,0.00000,0.00000,0.00000,0.00000
2017_M_brood,0.00000,6.00000,468.00000,0.00000,18.00000,0.00000,0.00000,0.00000,16.00000,96.00000,0.00000,35.00000,73.00000,0.00000,0.00000,44.00000,0.00000,0.00000,420.00000,153.00000,5.00000,24.00000,850.00000,0.00000,0.00000,124.00000,0.00000,0.00000,0.00000,0.00000,61.00000,0.00000,0.00000,0.00000,0.00000,0.00000,0.00000,131.00000,0.00000,0.00000,15.00000,11.00000,343.00000,0.00000,5.00000,0.00000,213.00000,51.00000,21.00000,698.00000,12.00000,250.00000,0.00000,0.00000,0.00000,0.00000,22.00000,87.00000,73.00000,0.00000,0.00000,63.00000,0.00000,0.00000,1120.00000,0.00000,7.00000,0.00000,25.00000,15.00000,0.00000,0.00000,115.00000,451.00000,913.00000,1.00000,704.00000,2307.00000,8.00000,0.00000,0.00000,18.00000,148.00000,150.00000,40.00000,5.00000,149.00000,51.00000,0.00000,0.00000,51.00000,0.00000,22.00000,0.00000,0.00000,0.00000,34.00000,0.00000,0.00000,0.00000,39.00000,0.00000,11.00000,0.00000,14.00000,46.00000,0.00000,0.00000,35.00000,24.00000,64.00000
2017_M_extract,0.00000,6.00000,473.00000,0.00000,18.00000,0.00000,0.00000,0.00000,9.00000,0.00000,0.00000,35.00000,0.00000,0.00000,0.00000,44.00000,0.00000,0.00000,642.00000,0.00000,12.00000,0.00000,0.00000,0.00000,0.00000,129.00000,0.00000,0.00000,0.00000,0.00000,0.00000,0.00000,0.00000,0.00000,0.00000,0.00000,0.00000,132.00000,0.00000,0.00000,6.00000,19.00000,0.00000,58.00000,0.00000,0.00000,0.00000,0.00000,0.00000,0.00000,11.00000,0.00000,0.00000,0.00000,0.00000,0.00000,52.00000,0.00000,0.00000,0.00000,0.00000,67.00000,0.00000,0.00000,0.00000,0.00000,0.00000,0.00000,0.00000,15.00000,0.00000,0.00000,115.00000,438.00000,961.00000,0.00000,702.00000,2519.00000,0.00000,0.00000,0.00000,0.00000,54.00000,149.00000,0.00000,4.00000,126.00000,51.00000,0.00000,0.00000,0.00000,0.00000,0.00000,0.00000,0.00000,0.00000,0.00000,0.00000,0.00000,0.00000,0.00000,0.00000,0.00000,0.00000,14.00000,46.00000,0.00000,0.00000,0.00000,0.00000,0.00000
2017_M_geno,0.00000,6.00000,452.00000,0.00000,0.00000,0.00000,0.00000,0.00000,7.00000,0.00000,0.00000,30.00000,0.00000,0.00000,0.00000,29.00000,0.00000,0.00000,561.00000,0.00000,11.00000,0.00000,0.00000,0.00000,0.00000,109.00000,0.00000,0.00000,0.00000,0.00000,0.00000,0.00000,0.00000,0.00000,0.00000,0.00000,0.00000,128.00000,0.00000,0.00000,4.00000,19.00000,0.00000,43.00000,0.00000,0.00000,0.00000,0.00000,0.00000,0.00000,11.00000,0.00000,0.00000,0.00000,0.00000,0.00000,22.00000,0.00000,0.00000,0.00000,0.00000,53.00000,0.00000,0.00000,0.00000,0.00000,0.00000,0.00000,0.00000,15.00000,0.00000,0.00000,113.00000,438.00000,917.00000,0.00000,696.00000,2519.00000,0.00000,0.00000,0.00000,0.00000,54.00000,149.00000,0.00000,3.00000,120.00000,45.00000,0.00000,0.00000,0.00000,0.00000,0.00000,0.00000,0.00000,0.00000,0.00000,0.00000,0.00000,0.00000,0.00000,0.00000,0.00000,0.00000,4.00000,45.00000,0.00000,0.00000,0.00000,0.00000,0.00000
2017_Tag_Rate,0.00000,1.00000,0.85690,0.00000,0.00000,0.00000,0.00000,0.00000,0.43750,0.00000,0.00000,0.66667,0.00000,0.00000,0.00000,0.58419,0.00000,0.00000,>1,0.00000,0.80000,0.00000,0.00000,0.00000,0.00000,0.84522,0.00000,0.00000,0.00000,0.00000,0.00000,0.00000,0.00000,0.00000,0.00000,0.00000,0.00000,0.92567,0.00000,0.00000,0.21333,0.83333,0.00000,1*,0.00000,0.00000,0.00000,0.00000,0.00000,0.00000,0.80208,0.00000,0.00000,0.00000,0.00000,0.00000,0.76000,0.00000,0.00000,0.00000,0.00000,0.69890,0.00000,0.00000,0.00000,0.00000,0.00000,0.00000,0.00000,1.00000,0.00000,0.00000,0.93835,0.94684,0.91785,0.00000,0.95770,0.94486,0.00000,0.00000,0.00000,0.00000,0.14842,0.99333,0.00000,0.60000,0.50268,0.80357,0.00000,0.00000,0.00000,0.00000,0.00000,0.00000,0.00000,0.00000,0.00000,0.00000,0.00000,0.00000,0.00000,0.00000,0.00000,0.00000,0.08791,0.97826,0.00000,0.00000,0.00000,0.00000,0.00000
2018_F_brood,1.00000,5.00000,504.00000,1.00000,11.00000,1.00000,0.00000,1.00000,6.00000,24.00000,0.00000,35.00000,51.00000,8.00000,0.00000,27.00000,0.00000,0.00000,589.00000,155.00000,9.00000,31.00000,879.00000,0.00000,0.00000,224.00000,0.00000,0.00000,0.00000,0.00000,0.00000,1.00000,0.00000,0.00000,0.00000,0.00000,0.00000,122.00000,0.00000,0.00000,21.00000,16.00000,268.00000,48.00000,6.00000,0.00000,68.00000,34.00000,9.00000,654.00000,7.00000,0.00000,0.00000,0.00000,0.00000,0.00000,6.00000,126.00000,57.00000,0.00000,1.00000,75.00000,6.00000,0.00000,1793.00000,0.00000,14.00000,0.00000,8.00000,22.00000,0.00000,0.00000,147.00000,410.00000,1000.00000,2.00000,706.00000,1939.00000,10.00000,0.00000,0.00000,21.00000,14.00000,112.00000,44.00000,8.00000,140.00000,52.00000,20.00000,0.00000,84.00000,0.00000,14.00000,0.00000,0.00000,0.00000,55.00000,0.00000,0.00000,0.00000,36.00000,0.00000,8.00000,0.00000,12.00000,47.00000,0.00000,0.00000,4.00000,49.00000,36.00000
2018_F_extract,0.00000,5.00000,482.00000,0.00000,11.00000,0.00000,0.00000,1.00000,7.00000,0.00000,0.00000,35.00000,50.00000,0.00000,0.00000,27.00000,0.00000,0.00000,694.00000,151.00000,9.00000,31.00000,0.00000,0.00000,0.00000,211.00000,0.00000,0.00000,0.00000,0.00000,0.00000,0.00000,0.00000,0.00000,0.00000,0.00000,0.00000,122.00000,0.00000,0.00000,0.00000,16.00000,273.00000,46.00000,0.00000,0.00000,0.00000,0.00000,0.00000,100.00000,7.00000,0.00000,0.00000,0.00000,0.00000,0.00000,6.00000,0.00000,44.00000,0.00000,0.00000,74.00000,0.00000,0.00000,400.00000,0.00000,18.00000,0.00000,0.00000,17.00000,0.00000,0.00000,147.00000,410.00000,998.00000,0.00000,703.00000,1681.00000,9.00000,0.00000,0.00000,21.00000,13.00000,112.00000,0.00000,8.00000,137.00000,51.00000,0.00000,0.00000,0.00000,0.00000,14.00000,0.00000,0.00000,0.00000,0.00000,0.00000,0.00000,0.00000,16.00000,0.00000,0.00000,0.00000,0.00000,48.00000,0.00000,0.00000,0.00000,59.00000,0.00000
2018_F_geno,0.00000,5.00000,454.00000,0.00000,7.00000,0.00000,0.00000,1.00000,6.00000,0.00000,0.00000,35.00000,50.00000,0.00000,0.00000,27.00000,0.00000,0.00000,673.00000,145.00000,9.00000,31.00000,0.00000,0.00000,0.00000,198.00000,0.00000,0.00000,0.00000,0.00000,0.00000,0.00000,0.00000,0.00000,0.00000,0.00000,0.00000,107.00000,0.00000,0.00000,0.00000,16.00000,272.00000,45.00000,0.00000,0.00000,0.00000,0.00000,0.00000,100.00000,7.00000,0.00000,0.00000,0.00000,0.00000,0.00000,6.00000,0.00000,44.00000,0.00000,0.00000,73.00000,0.00000,0.00000,388.00000,0.00000,13.00000,0.00000,0.00000,16.00000,0.00000,0.00000,145.00000,404.00000,949.00000,0.00000,667.00000,1663.00000,6.00000,0.00000,0.00000,21.00000,0.00000,106.00000,0.00000,8.00000,137.00000,51.00000,0.00000,0.00000,0.00000,0.00000,10.00000,0.00000,0.00000,0.00000,0.00000,0.00000,0.00000,0.00000,16.00000,0.00000,0.00000,0.00000,0.00000,48.00000,0.00000,0.00000,0.00000,57.00000,0.00000
2018_M_brood,1.00000,11.00000,571.00000,2.00000,14.00000,2.00000,0.00000,2.00000,9.00000,23.00000,0.00000,39.00000,53.00000,8.00000,0.00000,28.00000,0.00000,0.00000,593.00000,155.00000,9.00000,19.00000,879.00000,0.00000,0.00000,159.00000,0.00000,12.00000,0.00000,0.00000,0.00000,7.00000,0.00000,0.00000,0.00000,0.00000,0.00000,125.00000,0.00000,0.00000,21.00000,19.00000,269.00000,0.00000,6.00000,0.00000,69.00000,21.00000,9.00000,671.00000,9.00000,0.00000,0.00000,0.00000,0.00000,0.00000,6.00000,129.00000,59.00000,0.00000,2.00000,63.00000,6.00000,0.00000,1698.00000,0.00000,26.00000,0.00000,11.00000,17.00000,0.00000,0.00000,148.00000,410.00000,1000.00000,2.00000,709.00000,1941.00000,15.00000,0.00000,0.00000,21.00000,33.00000,112.00000,44.00000,14.00000,142.00000,53.00000,29.00000,0.00000,62.00000,0.00000,9.00000,0.00000,0.00000,0.00000,35.00000,0.00000,0.00000,0.00000,47.00000,0.00000,13.00000,0.00000,12.00000,48.00000,0.00000,0.00000,13.00000,40.00000,74.00000
2018_M_extract,0.00000,11.00000,535.00000,0.00000,13.00000,0.00000,0.00000,2.00000,9.00000,0.00000,0.00000,39.00000,57.00000,0.00000,0.00000,28.00000,0.00000,0.00000,699.00000,153.00000,16.00000,19.00000,0.00000,0.00000,0.00000,102.00000,0.00000,0.00000,0.00000,0.00000,0.00000,0.00000,0.00000,0.00000,0.00000,0.00000,0.00000,122.00000,0.00000,0.00000,0.00000,18.00000,279.00000,47.00000,0.00000,0.00000,0.00000,0.00000,0.00000,99.00000,9.00000,0.00000,0.00000,0.00000,0.00000,0.00000,16.00000,0.00000,31.00000,0.00000,0.00000,65.00000,0.00000,0.00000,400.00000,0.00000,32.00000,0.00000,0.00000,15.00000,0.00000,0.00000,141.00000,410.00000,1026.00000,0.00000,709.00000,2036.00000,15.00000,0.00000,0.00000,21.00000,34.00000,112.00000,0.00000,14.00000,141.00000,51.00000,0.00000,0.00000,0.00000,0.00000,11.00000,0.00000,0.00000,0.00000,0.00000,0.00000,0.00000,0.00000,22.00000,0.00000,0.00000,0.00000,0.00000,46.00000,0.00000,0.00000,0.00000,40.00000,0.00000
2018_M_geno,0.00000,11.00000,519.00000,0.00000,10.00000,0.00000,0.00000,2.00000,9.00000,0.00000,0.00000,39.00000,50.00000,0.00000,0.00000,28.00000,0.00000,0.00000,690.00000,152.00000,16.00000,18.00000,0.00000,0.00000,0.00000,87.00000,0.00000,0.00000,0.00000,0.00000,0.00000,0.00000,0.00000,0.00000,0.00000,0.00000,0.00000,105.00000,0.00000,0.00000,0.00000,18.00000,279.00000,47.00000,0.00000,0.00000,0.00000,0.00000,0.00000,99.00000,9.00000,0.00000,0.00000,0.00000,0.00000,0.00000,11.00000,0.00000,31.00000,0.00000,0.00000,63.00000,0.00000,0.00000,377.00000,0.00000,27.00000,0.00000,0.00000,15.00000,0.00000,0.00000,141.00000,409.00000,979.00000,0.00000,704.00000,2035.00000,13.00000,0.00000,0.00000,21.00000,0.00000,105.00000,0.00000,14.00000,141.00000,51.00000,0.00000,0.00000,0.00000,0.00000,10.00000,0.00000,0.00000,0.00000,0.00000,0.00000,0.00000,0.00000,22.00000,0.00000,0.00000,0.00000,0.00000,46.00000,0.00000,0.00000,0.00000,38.00000,0.00000
2018_Tag_Rate,0.00000,1.00000,0.81876,0.00000,0.45455,0.00000,0.00000,1.00000,1.00000,0.00000,0.00000,1.00000,0.92490,0.00000,0.00000,1.00000,0.00000,0.00000,>1,0.91738,1.00000,0.94737,0.00000,0.00000,0.00000,0.48366,0.00000,0.00000,0.00000,0.00000,0.00000,0.00000,0.00000,0.00000,0.00000,0.00000,0.00000,0.73672,0.00000,0.00000,0.00000,0.94737,>1,1*,0.00000,0.00000,0.00000,0.00000,0.00000,0.02256,1.00000,0.00000,0.00000,0.00000,0.00000,0.00000,>1,0.00000,0.40559,0.00000,0.00000,0.97333,0.00000,0.00000,0.04805,0.00000,0.92857,0.00000,0.00000,0.64171,0.00000,0.00000,0.93974,0.98296,0.92907,0.00000,0.93810,0.85766,0.52000,0.00000,0.00000,1.00000,0.90000,0.88728,0.00000,1.00000,0.97168,0.94376,0.00000,0.00000,0.00000,0.00000,0.71429,0.00000,0.00000,0.00000,0.00000,0.00000,0.00000,0.00000,0.20804,0.00000,0.00000,0.00000,0.00000,0.95833,0.00000,0.00000,0.00000,0.95000,0.00000
2019_F_brood,1.00000,4.00000,476.00000,0.00000,8.00000,1.00000,0.00000,0.00000,7.00000,23.00000,0.00000,24.00000,93.00000,4.00000,0.00000,8.00000,0.00000,0.00000,989.00000,157.00000,12.00000,33.00000,815.00000,0.00000,0.00000,204.00000,0.00000,0.00000,3.00000,0.00000,131.00000,2.00000,1.00000,0.00000,0.00000,0.00000,0.00000,124.00000,0.00000,0.00000,7.00000,16.00000,338.00000,41.00000,6.00000,1.00000,212.00000,53.00000,18.00000,640.00000,5.00000,163.00000,24.00000,0.00000,0.00000,1.00000,17.00000,107.00000,29.00000,0.00000,4.00000,84.00000,16.00000,82.00000,1376.00000,0.00000,14.00000,0.00000,18.00000,17.00000,12.00000,0.00000,87.00000,463.00000,864.00000,0.00000,674.00000,1968.00000,14.00000,0.00000,0.00000,23.00000,61.00000,147.00000,29.00000,6.00000,134.00000,50.00000,27.00000,0.00000,76.00000,0.00000,23.00000,0.00000,0.00000,0.00000,38.00000,0.00000,2.00000,0.00000,35.00000,0.00000,3.00000,0.00000,0.00000,44.00000,0.00000,0.00000,0.00000,46.00000,33.00000
2019_F_extract,0.00000,4.00000,475.00000,0.00000,11.00000,0.00000,0.00000,0.00000,7.00000,20.00000,0.00000,24.00000,93.00000,5.00000,0.00000,8.00000,0.00000,0.00000,985.00000,156.00000,12.00000,33.00000,150.00000,0.00000,0.00000,217.00000,0.00000,0.00000,1.00000,0.00000,126.00000,0.00000,0.00000,0.00000,0.00000,0.00000,0.00000,124.00000,0.00000,0.00000,0.00000,16.00000,320.00000,44.00000,0.00000,0.00000,0.00000,52.00000,0.00000,641.00000,5.00000,0.00000,24.00000,0.00000,0.00000,1.00000,18.00000,107.00000,29.00000,0.00000,4.00000,84.00000,0.00000,0.00000,1345.00000,0.00000,14.00000,0.00000,18.00000,18.00000,15.00000,0.00000,87.00000,484.00000,863.00000,0.00000,673.00000,1993.00000,14.00000,0.00000,0.00000,22.00000,56.00000,148.00000,0.00000,6.00000,133.00000,49.00000,0.00000,0.00000,76.00000,0.00000,23.00000,0.00000,0.00000,0.00000,38.00000,0.00000,0.00000,0.00000,39.00000,0.00000,5.00000,0.00000,0.00000,44.00000,0.00000,0.00000,0.00000,52.00000,32.00000
2019_F_geno,0.00000,4.00000,460.00000,0.00000,11.00000,0.00000,0.00000,0.00000,7.00000,20.00000,0.00000,24.00000,93.00000,5.00000,0.00000,1.00000,0.00000,0.00000,950.00000,156.00000,12.00000,33.00000,149.00000,0.00000,0.00000,217.00000,0.00000,0.00000,1.00000,0.00000,122.00000,0.00000,0.00000,0.00000,0.00000,0.00000,0.00000,118.00000,0.00000,0.00000,0.00000,16.00000,310.00000,44.00000,0.00000,0.00000,0.00000,52.00000,0.00000,641.00000,5.00000,0.00000,24.00000,0.00000,0.00000,1.00000,18.00000,105.00000,29.00000,0.00000,4.00000,84.00000,0.00000,0.00000,1334.00000,0.00000,14.00000,0.00000,15.00000,18.00000,15.00000,0.00000,84.00000,484.00000,852.00000,0.00000,668.00000,1988.00000,14.00000,0.00000,0.00000,22.00000,55.00000,148.00000,0.00000,6.00000,133.00000,48.00000,0.00000,0.00000,66.00000,0.00000,23.00000,0.00000,0.00000,0.00000,38.00000,0.00000,0.00000,0.00000,39.00000,0.00000,5.00000,0.00000,0.00000,44.00000,0.00000,0.00000,0.00000,52.00000,32.00000
2019_M_brood,1.00000,8.00000,500.00000,0.00000,8.00000,1.00000,0.00000,0.00000,9.00000,23.00000,0.00000,28.00000,93.00000,5.00000,0.00000,10.00000,0.00000,0.00000,997.00000,157.00000,16.00000,30.00000,817.00000,0.00000,0.00000,151.00000,0.00000,0.00000,6.00000,0.00000,122.00000,8.00000,2.00000,0.00000,0.00000,0.00000,0.00000,124.00000,0.00000,0.00000,7.00000,18.00000,318.00000,41.00000,7.00000,1.00000,212.00000,51.00000,18.00000,647.00000,9.00000,142.00000,24.00000,0.00000,0.00000,3.00000,17.00000,108.00000,30.00000,0.00000,8.00000,77.00000,18.00000,84.00000,1322.00000,0.00000,16.00000,0.00000,21.00000,23.00000,25.00000,0.00000,66.00000,463.00000,880.00000,0.00000,677.00000,1968.00000,14.00000,0.00000,0.00000,26.00000,102.00000,149.00000,29.00000,9.00000,133.00000,51.00000,29.00000,0.00000,62.00000,0.00000,18.00000,0.00000,0.00000,0.00000,38.00000,0.00000,3.00000,0.00000,49.00000,0.00000,3.00000,0.00000,0.00000,47.00000,0.00000,0.00000,0.00000,46.00000,54.00000
2019_M_extract,0.00000,8.00000,496.00000,0.00000,12.00000,0.00000,0.00000,0.00000,9.00000,20.00000,0.00000,28.00000,97.00000,4.00000,0.00000,10.00000,0.00000,0.00000,997.00000,156.00000,14.00000,29.00000,150.00000,0.00000,0.00000,91.00000,0.00000,0.00000,4.00000,0.00000,94.00000,0.00000,0.00000,0.00000,0.00000,0.00000,0.00000,123.00000,0.00000,0.00000,0.00000,18.00000,300.00000,44.00000,0.00000,0.00000,0.00000,51.00000,0.00000,639.00000,8.00000,0.00000,23.00000,0.00000,0.00000,3.00000,17.00000,103.00000,30.00000,0.00000,12.00000,78.00000,0.00000,0.00000,1403.00000,0.00000,15.00000,0.00000,25.00000,23.00000,29.00000,0.00000,66.00000,484.00000,886.00000,0.00000,677.00000,2044.00000,12.00000,0.00000,0.00000,24.00000,105.00000,148.00000,0.00000,9.00000,127.00000,51.00000,0.00000,0.00000,43.00000,0.00000,19.00000,0.00000,0.00000,0.00000,38.00000,0.00000,0.00000,0.00000,48.00000,0.00000,9.00000,0.00000,0.00000,46.00000,0.00000,0.00000,0.00000,30.00000,18.00000
2019_M_geno,0.00000,8.00000,491.00000,0.00000,12.00000,0.00000,0.00000,0.00000,9.00000,20.00000,0.00000,28.00000,97.00000,4.00000,0.00000,3.00000,0.00000,0.00000,991.00000,156.00000,14.00000,29.00000,149.00000,0.00000,0.00000,91.00000,0.00000,0.00000,4.00000,0.00000,94.00000,0.00000,0.00000,0.00000,0.00000,0.00000,0.00000,123.00000,0.00000,0.00000,0.00000,18.00000,299.00000,44.00000,0.00000,0.00000,0.00000,51.00000,0.00000,639.00000,8.00000,0.00000,23.00000,0.00000,0.00000,3.00000,17.00000,98.00000,30.00000,0.00000,12.00000,78.00000,0.00000,0.00000,1395.00000,0.00000,15.00000,0.00000,19.00000,23.00000,29.00000,0.00000,66.00000,484.00000,884.00000,0.00000,677.00000,2044.00000,12.00000,0.00000,0.00000,24.00000,104.00000,148.00000,0.00000,9.00000,127.00000,51.00000,0.00000,0.00000,35.00000,0.00000,19.00000,0.00000,0.00000,0.00000,38.00000,0.00000,0.00000,0.00000,48.00000,0.00000,9.00000,0.00000,0.00000,46.00000,0.00000,0.00000,0.00000,30.00000,12.00000
2019_Tag_Rate,0.00000,1.00000,0.94899,0.00000,>1,0.00000,0.00000,0.00000,1.00000,0.75614,0.00000,1.00000,1*,0.80000,0.00000,0.03750,0.00000,0.00000,0.95479,0.98730,0.87500,0.96667,0.03334,0.00000,0.00000,0.60265,0.00000,0.00000,0.22222,0.00000,0.71756,0.00000,0.00000,0.00000,0.00000,0.00000,0.00000,0.94394,0.00000,0.00000,0.00000,1.00000,0.86236,>1,0.00000,0.00000,0.00000,0.98113,0.00000,0.98764,0.88889,0.00000,0.95833,0.00000,0.00000,1.00000,>1,0.89045,1.00000,0.00000,1.00000,>1,0.00000,0.00000,0.96948,0.00000,0.93750,0.00000,0.75397,>1,>1,0.00000,0.96552,>1,0.98611,0.00000,0.99110,>1,0.85714,0.00000,0.00000,0.88294,0.90164,0.99329,0.00000,1.00000,0.94776,0.96000,0.00000,0.00000,0.49024,0.00000,>1,0.00000,0.00000,0.00000,1.00000,0.00000,0.00000,0.00000,0.97959,0.00000,>1,0.00000,0.00000,0.97872,0.00000,0.00000,0.00000,0.65217,0.21549
2020_F_brood,1.00000,5.00000,463.00000,0.00000,0.00000,0.00000,2.00000,17.00000,2.00000,95.00000,0.00000,23.00000,91.00000,3.00000,0.00000,47.00000,1.00000,5.00000,900.00000,155.00000,14.00000,33.00000,809.00000,0.00000,4.00000,72.00000,0.00000,0.00000,0.00000,0.00000,110.00000,0.00000,0.00000,13.00000,6.00000,2.00000,2.00000,110.00000,0.00000,2.00000,0.00000,15.00000,305.00000,40.00000,5.00000,3.00000,203.00000,46.00000,22.00000,648.00000,4.00000,0.00000,9.00000,0.00000,3.00000,0.00000,27.00000,56.00000,32.00000,0.00000,18.00000,80.00000,18.00000,0.00000,1321.00000,0.00000,11.00000,0.00000,22.00000,0.00000,6.00000,0.00000,23.00000,428.00000,813.00000,0.00000,667.00000,2004.00000,10.00000,3.00000,23.00000,19.00000,114.00000,119.00000,36.00000,3.00000,163.00000,51.00000,0.00000,2.00000,20.00000,0.00000,1.00000,0.00000,0.00000,0.00000,36.00000,0.00000,0.00000,0.00000,40.00000,0.00000,12.00000,0.00000,0.00000,42.00000,0.00000,0.00000,90.00000,12.00000,27.00000
2020_F_extract,0.00000,5.00000,468.00000,0.00000,0.00000,0.00000,2.00000,0.00000,1.00000,49.00000,0.00000,23.00000,91.00000,3.00000,0.00000,47.00000,1.00000,0.00000,915.00000,155.00000,14.00000,33.00000,802.00000,0.00000,0.00000,72.00000,0.00000,0.00000,1.00000,0.00000,108.00000,0.00000,0.00000,0.00000,0.00000,0.00000,0.00000,110.00000,0.00000,2.00000,0.00000,15.00000,309.00000,66.00000,0.00000,0.00000,0.00000,46.00000,23.00000,648.00000,4.00000,0.00000,9.00000,0.00000,0.00000,0.00000,27.00000,56.00000,32.00000,0.00000,7.00000,80.00000,18.00000,5.00000,1338.00000,0.00000,11.00000,2.00000,22.00000,0.00000,6.00000,0.00000,23.00000,426.00000,802.00000,0.00000,666.00000,1982.00000,9.00000,0.00000,23.00000,19.00000,141.00000,119.00000,37.00000,3.00000,147.00000,51.00000,0.00000,2.00000,34.00000,0.00000,22.00000,0.00000,0.00000,0.00000,36.00000,0.00000,0.00000,0.00000,45.00000,0.00000,14.00000,0.00000,0.00000,42.00000,0.00000,0.00000,0.00000,17.00000,26.00000
2020_F_geno,0.00000,5.00000,447.00000,0.00000,0.00000,0.00000,2.00000,0.00000,1.00000,49.00000,0.00000,23.00000,91.00000,3.00000,0.00000,47.00000,1.00000,0.00000,911.00000,155.00000,12.00000,33.00000,801.00000,0.00000,0.00000,68.00000,0.00000,0.00000,1.00000,0.00000,107.00000,0.00000,0.00000,0.00000,0.00000,0.00000,0.00000,104.00000,0.00000,2.00000,0.00000,15.00000,309.00000,64.00000,0.00000,0.00000,0.00000,46.00000,0.00000,648.00000,4.00000,0.00000,9.00000,0.00000,0.00000,0.00000,27.00000,56.00000,30.00000,0.00000,7.00000,80.00000,18.00000,5.00000,1337.00000,0.00000,11.00000,2.00000,17.00000,0.00000,6.00000,0.00000,23.00000,425.00000,783.00000,0.00000,655.00000,1982.00000,9.00000,0.00000,23.00000,19.00000,139.00000,119.00000,29.00000,3.00000,146.00000,51.00000,0.00000,2.00000,1.00000,0.00000,22.00000,0.00000,0.00000,0.00000,36.00000,0.00000,0.00000,0.00000,45.00000,0.00000,14.00000,0.00000,0.00000,42.00000,0.00000,0.00000,0.00000,17.00000,26.00000
2020_M_brood,1.00000,7.00000,461.00000,0.00000,0.00000,0.00000,4.00000,9.00000,6.00000,95.00000,0.00000,25.00000,91.00000,7.00000,0.00000,51.00000,2.00000,7.00000,900.00000,155.00000,15.00000,25.00000,809.00000,0.00000,9.00000,58.00000,0.00000,0.00000,0.00000,0.00000,111.00000,0.00000,0.00000,9.00000,4.00000,3.00000,2.00000,110.00000,0.00000,5.00000,0.00000,21.00000,304.00000,44.00000,5.00000,1.00000,203.00000,46.00000,23.00000,666.00000,6.00000,0.00000,13.00000,0.00000,7.00000,0.00000,20.00000,58.00000,32.00000,0.00000,36.00000,67.00000,18.00000,0.00000,1103.00000,0.00000,14.00000,0.00000,15.00000,0.00000,11.00000,0.00000,24.00000,431.00000,807.00000,0.00000,663.00000,2020.00000,13.00000,1.00000,24.00000,21.00000,137.00000,122.00000,24.00000,4.00000,166.00000,52.00000,0.00000,5.00000,19.00000,0.00000,15.00000,0.00000,0.00000,0.00000,36.00000,0.00000,0.00000,0.00000,59.00000,0.00000,14.00000,0.00000,0.00000,45.00000,0.00000,0.00000,90.00000,12.00000,40.00000
2020_M_extract,0.00000,7.00000,448.00000,0.00000,0.00000,0.00000,4.00000,0.00000,10.00000,49.00000,0.00000,28.00000,91.00000,6.00000,0.00000,51.00000,2.00000,0.00000,914.00000,155.00000,15.00000,26.00000,814.00000,0.00000,0.00000,66.00000,0.00000,0.00000,1.00000,0.00000,110.00000,0.00000,0.00000,0.00000,0.00000,0.00000,0.00000,110.00000,0.00000,5.00000,0.00000,20.00000,301.00000,152.00000,0.00000,0.00000,0.00000,49.00000,22.00000,664.00000,5.00000,0.00000,13.00000,0.00000,0.00000,0.00000,20.00000,58.00000,32.00000,0.00000,14.00000,73.00000,18.00000,5.00000,1156.00000,0.00000,9.00000,0.00000,13.00000,0.00000,11.00000,0.00000,24.00000,429.00000,813.00000,0.00000,660.00000,2066.00000,10.00000,0.00000,24.00000,21.00000,103.00000,121.00000,34.00000,4.00000,149.00000,51.00000,0.00000,5.00000,36.00000,0.00000,21.00000,0.00000,0.00000,0.00000,45.00000,0.00000,0.00000,0.00000,62.00000,0.00000,16.00000,0.00000,0.00000,45.00000,0.00000,0.00000,0.00000,16.00000,33.00000
2020_M_geno,0.00000,7.00000,445.00000,0.00000,0.00000,0.00000,4.00000,0.00000,10.00000,49.00000,0.00000,28.00000,91.00000,5.00000,0.00000,50.00000,2.00000,0.00000,911.00000,155.00000,14.00000,24.00000,797.00000,0.00000,0.00000,54.00000,0.00000,0.00000,1.00000,0.00000,108.00000,0.00000,0.00000,0.00000,0.00000,0.00000,0.00000,109.00000,0.00000,5.00000,0.00000,20.00000,300.00000,132.00000,0.00000,0.00000,0.00000,49.00000,0.00000,664.00000,5.00000,0.00000,13.00000,0.00000,0.00000,0.00000,20.00000,58.00000,32.00000,0.00000,14.00000,73.00000,18.00000,4.00000,1155.00000,0.00000,9.00000,0.00000,11.00000,0.00000,11.00000,0.00000,24.00000,429.00000,766.00000,0.00000,660.00000,2065.00000,6.00000,0.00000,24.00000,21.00000,103.00000,121.00000,33.00000,4.00000,149.00000,51.00000,0.00000,5.00000,11.00000,0.00000,20.00000,0.00000,0.00000,0.00000,45.00000,0.00000,0.00000,0.00000,62.00000,0.00000,16.00000,0.00000,0.00000,45.00000,0.00000,0.00000,0.00000,16.00000,33.00000
2020_Tag_Rate,0.00000,1.00000,0.93193,0.00000,0.00000,0.00000,1.00000,0.00000,0.50000,0.26604,0.00000,1*,1.00000,0.71429,0.00000,0.98039,1.00000,0.00000,>1,1.00000,0.80000,0.96000,0.97543,0.00000,0.00000,0.87931,0.00000,0.00000,1.00000,0.00000,0.94644,0.00000,0.00000,0.00000,0.00000,0.00000,0.00000,0.93686,0.00000,1.00000,0.00000,0.95238,0.98684,>1,0.00000,0.00000,0.00000,>1,0.00000,0.99700,0.83333,0.00000,1.00000,0.00000,0.00000,0.00000,1.00000,1.00000,0.93750,0.00000,0.15124,>1,1.00000,1*,>1,0.00000,0.64286,0.00000,0.56667,0.00000,1.00000,0.00000,1.00000,0.98838,0.91417,0.00000,0.97757,0.98902,0.41539,0.00000,1.00000,1.00000,0.75183,0.99180,0.80556,1.00000,0.80398,0.98077,0.00000,1.00000,0.02895,0.00000,>1,0.00000,0.00000,0.00000,>1,0.00000,0.00000,0.00000,1.00000,0.00000,1.00000,0.00000,0.00000,1.00000,0.00000,0.00000,0.00000,>1,0.79444
2021_F_brood,7.00000,4.00000,532.00000,0.00000,0.00000,0.00000,9.00000,6.00000,6.00000,111.00000,15.00000,17.00000,90.00000,12.00000,0.00000,49.00000,4.00000,3.00000,1092.00000,160.00000,8.00000,32.00000,818.00000,0.00000,0.00000,195.00000,0.00000,0.00000,1.00000,0.00000,0.00000,1.00000,0.00000,0.00000,0.00000,0.00000,0.00000,127.00000,14.00000,0.00000,1.00000,13.00000,276.00000,42.00000,0.00000,0.00000,216.00000,31.00000,16.00000,598.00000,4.00000,0.00000,1.00000,15.00000,0.00000,0.00000,19.00000,124.00000,47.00000,0.00000,8.00000,76.00000,20.00000,0.00000,1394.00000,0.00000,9.00000,0.00000,14.00000,0.00000,5.00000,0.00000,53.00000,460.00000,695.00000,0.00000,706.00000,1952.00000,9.00000,1.00000,26.00000,25.00000,140.00000,149.00000,34.00000,4.00000,127.00000,50.00000,19.00000,9.00000,18.00000,0.00000,26.00000,0.00000,0.00000,7.00000,65.00000,0.00000,1.00000,7.00000,38.00000,0.00000,2.00000,9.00000,3.00000,47.00000,14.00000,8.00000,0.00000,51.00000,26.00000
2021_F_extract,0.00000,4.00000,521.00000,0.00000,0.00000,0.00000,9.00000,6.00000,7.00000,33.00000,14.00000,17.00000,91.00000,12.00000,0.00000,49.00000,4.00000,0.00000,1088.00000,160.00000,8.00000,32.00000,814.00000,0.00000,0.00000,187.00000,0.00000,0.00000,1.00000,0.00000,0.00000,0.00000,0.00000,0.00000,0.00000,0.00000,0.00000,128.00000,10.00000,0.00000,0.00000,12.00000,275.00000,0.00000,0.00000,0.00000,0.00000,32.00000,0.00000,588.00000,4.00000,0.00000,1.00000,0.00000,0.00000,0.00000,31.00000,124.00000,48.00000,0.00000,8.00000,84.00000,0.00000,0.00000,1380.00000,0.00000,9.00000,0.00000,15.00000,0.00000,5.00000,0.00000,86.00000,458.00000,691.00000,0.00000,704.00000,2010.00000,9.00000,1.00000,27.00000,25.00000,156.00000,148.00000,0.00000,4.00000,127.00000,50.00000,20.00000,9.00000,0.00000,0.00000,26.00000,0.00000,0.00000,7.00000,65.00000,0.00000,0.00000,0.00000,39.00000,0.00000,2.00000,0.00000,1.00000,47.00000,0.00000,7.00000,0.00000,0.00000,26.00000
2021_F_geno,0.00000,4.00000,482.00000,0.00000,0.00000,0.00000,9.00000,6.00000,7.00000,0.00000,14.00000,17.00000,90.00000,12.00000,0.00000,49.00000,4.00000,0.00000,918.00000,64.00000,8.00000,30.00000,814.00000,0.00000,0.00000,177.00000,0.00000,0.00000,1.00000,0.00000,0.00000,0.00000,0.00000,0.00000,0.00000,0.00000,0.00000,126.00000,10.00000,0.00000,0.00000,12.00000,275.00000,0.00000,0.00000,0.00000,0.00000,32.00000,0.00000,588.00000,4.00000,0.00000,1.00000,0.00000,0.00000,0.00000,5.00000,123.00000,48.00000,0.00000,8.00000,83.00000,0.00000,0.00000,1359.00000,0.00000,9.00000,0.00000,15.00000,0.00000,0.00000,0.00000,0.00000,456.00000,689.00000,0.00000,684.00000,2003.00000,9.00000,1.00000,26.00000,25.00000,156.00000,147.00000,0.00000,4.00000,127.00000,50.00000,20.00000,9.00000,0.00000,0.00000,26.00000,0.00000,0.00000,7.00000,65.00000,0.00000,0.00000,0.00000,39.00000,0.00000,2.00000,0.00000,0.00000,47.00000,0.00000,7.00000,0.00000,0.00000,26.00000
2021_M_brood,7.00000,5.00000,535.00000,0.00000,0.00000,0.00000,18.00000,4.00000,15.00000,78.00000,26.00000,20.00000,90.00000,11.00000,0.00000,49.00000,8.00000,6.00000,1092.00000,160.00000,8.00000,21.00000,820.00000,0.00000,0.00000,192.00000,0.00000,0.00000,4.00000,0.00000,0.00000,3.00000,0.00000,0.00000,0.00000,0.00000,0.00000,128.00000,15.00000,0.00000,1.00000,13.00000,231.00000,46.00000,0.00000,0.00000,216.00000,34.00000,17.00000,598.00000,4.00000,0.00000,2.00000,30.00000,0.00000,0.00000,19.00000,130.00000,33.00000,0.00000,20.00000,83.00000,21.00000,0.00000,1341.00000,0.00000,10.00000,0.00000,6.00000,0.00000,9.00000,0.00000,54.00000,466.00000,710.00000,0.00000,706.00000,2033.00000,16.00000,6.00000,28.00000,25.00000,191.00000,149.00000,34.00000,10.00000,126.00000,51.00000,18.00000,22.00000,27.00000,0.00000,24.00000,0.00000,0.00000,14.00000,51.00000,0.00000,2.00000,16.00000,65.00000,0.00000,3.00000,18.00000,3.00000,47.00000,11.00000,18.00000,0.00000,51.00000,52.00000
2021_M_extract,0.00000,5.00000,530.00000,0.00000,0.00000,0.00000,18.00000,3.00000,14.00000,0.00000,30.00000,20.00000,90.00000,11.00000,0.00000,49.00000,8.00000,0.00000,1087.00000,160.00000,6.00000,30.00000,807.00000,0.00000,0.00000,221.00000,0.00000,0.00000,4.00000,0.00000,0.00000,0.00000,0.00000,0.00000,0.00000,0.00000,0.00000,128.00000,5.00000,0.00000,0.00000,14.00000,230.00000,0.00000,0.00000,0.00000,0.00000,34.00000,0.00000,596.00000,4.00000,0.00000,2.00000,0.00000,0.00000,0.00000,40.00000,130.00000,34.00000,0.00000,20.00000,77.00000,0.00000,0.00000,1396.00000,0.00000,12.00000,0.00000,6.00000,0.00000,9.00000,0.00000,115.00000,464.00000,707.00000,0.00000,706.00000,2054.00000,12.00000,6.00000,27.00000,25.00000,140.00000,143.00000,0.00000,10.00000,126.00000,49.00000,17.00000,20.00000,0.00000,0.00000,30.00000,0.00000,0.00000,18.00000,49.00000,0.00000,0.00000,0.00000,70.00000,0.00000,8.00000,0.00000,0.00000,42.00000,0.00000,17.00000,0.00000,0.00000,52.00000
2021_M_geno,0.00000,5.00000,520.00000,0.00000,0.00000,0.00000,18.00000,3.00000,14.00000,0.00000,30.00000,20.00000,90.00000,1.00000,0.00000,49.00000,8.00000,0.00000,975.00000,160.00000,6.00000,24.00000,807.00000,0.00000,0.00000,184.00000,0.00000,0.00000,4.00000,0.00000,0.00000,0.00000,0.00000,0.00000,0.00000,0.00000,0.00000,123.00000,5.00000,0.00000,0.00000,14.00000,229.00000,0.00000,0.00000,0.00000,0.00000,34.00000,0.00000,596.00000,4.00000,0.00000,2.00000,0.00000,0.00000,0.00000,7.00000,125.00000,30.00000,0.00000,20.00000,77.00000,0.00000,0.00000,1367.00000,0.00000,12.00000,0.00000,5.00000,0.00000,0.00000,0.00000,0.00000,463.00000,700.00000,0.00000,701.00000,2054.00000,12.00000,6.00000,27.00000,25.00000,137.00000,143.00000,0.00000,10.00000,126.00000,49.00000,17.00000,20.00000,0.00000,0.00000,27.00000,0.00000,0.00000,18.00000,49.00000,0.00000,0.00000,0.00000,70.00000,0.00000,7.00000,0.00000,0.00000,42.00000,0.00000,17.00000,0.00000,0.00000,50.00000
2021_Tag_Rate,0.00000,1.00000,0.88061,0.00000,0.00000,0.00000,1.00000,0.75000,>1,0.00000,0.93333,1.00000,1.00000,0.09091,0.00000,1.00000,1.00000,0.00000,0.75059,0.40000,0.75000,0.93750,0.97933,0.00000,0.00000,0.86987,0.00000,0.00000,1.00000,0.00000,0.00000,0.00000,0.00000,0.00000,0.00000,0.00000,0.00000,0.95337,0.23810,0.00000,0.00000,0.92308,0.98775,0.00000,0.00000,0.00000,0.00000,>1,0.00000,0.97999,1.00000,0.00000,1.00000,0.00000,0.00000,0.00000,0.09695,0.95378,0.90909,0.00000,1.00000,0.92771,0.00000,0.00000,0.97489,0.00000,1.00000,0.00000,0.83333,0.00000,0.00000,0.00000,0.00000,0.98492,0.97740,0.00000,0.96198,>1,0.75000,1.00000,0.96429,1.00000,0.71728,0.94685,0.00000,1.00000,1.00000,0.96078,0.94444,0.90909,0.00000,0.00000,>11,0.00000,0.00000,>1,0.96078,0.00000,0.00000,0.00000,>1,0.00000,>1,0.00000,0.00000,0.89362,0.00000,0.82639,0.00000,0.00000,0.96154
2022_F_brood,7.00000,5.00000,401.00000,0.00000,0.00000,0.00000,0.00000,18.00000,0.00000,83.00000,15.00000,14.00000,90.00000,12.00000,0.00000,48.00000,4.00000,3.00000,1176.00000,118.00000,7.00000,34.00000,823.00000,0.00000,0.00000,239.00000,0.00000,0.00000,3.00000,0.00000,123.00000,0.00000,0.00000,0.00000,0.00000,0.00000,0.00000,118.00000,0.00000,0.00000,4.00000,5.00000,181.00000,29.00000,0.00000,0.00000,94.00000,46.00000,17.00000,571.00000,3.00000,0.00000,0.00000,0.00000,0.00000,0.00000,30.00000,125.00000,59.00000,0.00000,5.00000,76.00000,3.00000,0.00000,1393.00000,1.00000,10.00000,0.00000,9.00000,0.00000,8.00000,0.00000,69.00000,418.00000,818.00000,0.00000,700.00000,1988.00000,13.00000,0.00000,21.00000,25.00000,128.00000,166.00000,25.00000,7.00000,135.00000,52.00000,0.00000,8.00000,34.00000,13.00000,27.00000,0.00000,0.00000,6.00000,51.00000,0.00000,0.00000,0.00000,17.00000,0.00000,0.00000,9.00000,0.00000,39.00000,10.00000,26.00000,520.00000,35.00000,13.00000
2022_F_extract,0.00000,4.00000,398.00000,0.00000,0.00000,0.00000,0.00000,22.00000,6.00000,76.00000,15.00000,14.00000,90.00000,12.00000,5.00000,48.00000,4.00000,3.00000,1173.00000,119.00000,7.00000,34.00000,834.00000,0.00000,0.00000,232.00000,0.00000,0.00000,3.00000,0.00000,122.00000,0.00000,0.00000,0.00000,0.00000,0.00000,0.00000,118.00000,0.00000,0.00000,0.00000,5.00000,168.00000,0.00000,0.00000,0.00000,0.00000,53.00000,17.00000,569.00000,3.00000,5.00000,0.00000,0.00000,0.00000,0.00000,34.00000,122.00000,57.00000,11.00000,5.00000,76.00000,0.00000,0.00000,1355.00000,0.00000,9.00000,1.00000,9.00000,0.00000,8.00000,0.00000,84.00000,418.00000,817.00000,0.00000,699.00000,2003.00000,13.00000,1.00000,13.00000,25.00000,145.00000,165.00000,25.00000,7.00000,135.00000,52.00000,0.00000,8.00000,33.00000,0.00000,27.00000,0.00000,0.00000,6.00000,47.00000,0.00000,0.00000,0.00000,0.00000,0.00000,0.00000,1.00000,0.00000,39.00000,0.00000,26.00000,0.00000,45.00000,13.00000
2022_F_geno,0.00000,4.00000,344.00000,0.00000,0.00000,0.00000,0.00000,17.00000,6.00000,75.00000,13.00000,11.00000,82.00000,12.00000,5.00000,48.00000,4.00000,0.00000,1029.00000,112.00000,7.00000,29.00000,549.00000,0.00000,0.00000,226.00000,0.00000,0.00000,2.00000,0.00000,99.00000,0.00000,0.00000,0.00000,0.00000,0.00000,0.00000,109.00000,0.00000,0.00000,0.00000,5.00000,162.00000,0.00000,0.00000,0.00000,0.00000,31.00000,0.00000,569.00000,3.00000,5.00000,0.00000,0.00000,0.00000,0.00000,0.00000,115.00000,57.00000,10.00000,4.00000,75.00000,0.00000,0.00000,1322.00000,0.00000,9.00000,1.00000,8.00000,0.00000,8.00000,0.00000,83.00000,400.00000,724.00000,0.00000,671.00000,1970.00000,13.00000,0.00000,13.00000,25.00000,135.00000,165.00000,0.00000,7.00000,133.00000,51.00000,0.00000,8.00000,13.00000,0.00000,27.00000,0.00000,0.00000,6.00000,34.00000,0.00000,0.00000,0.00000,0.00000,0.00000,0.00000,1.00000,0.00000,36.00000,0.00000,22.00000,0.00000,42.00000,13.00000
2022_M_brood,7.00000,7.00000,418.00000,0.00000,0.00000,0.00000,0.00000,18.00000,0.00000,75.00000,30.00000,21.00000,92.00000,12.00000,0.00000,49.00000,5.00000,7.00000,1176.00000,118.00000,7.00000,29.00000,823.00000,0.00000,0.00000,187.00000,0.00000,0.00000,7.00000,0.00000,123.00000,0.00000,0.00000,0.00000,0.00000,0.00000,0.00000,118.00000,0.00000,0.00000,8.00000,8.00000,161.00000,0.00000,0.00000,0.00000,95.00000,43.00000,17.00000,582.00000,3.00000,0.00000,0.00000,0.00000,0.00000,0.00000,25.00000,125.00000,61.00000,0.00000,10.00000,73.00000,5.00000,0.00000,1322.00000,2.00000,10.00000,0.00000,10.00000,0.00000,17.00000,0.00000,75.00000,425.00000,760.00000,0.00000,701.00000,2013.00000,13.00000,0.00000,24.00000,23.00000,193.00000,173.00000,25.00000,8.00000,134.00000,52.00000,0.00000,14.00000,62.00000,15.00000,28.00000,0.00000,0.00000,12.00000,29.00000,0.00000,0.00000,0.00000,31.00000,0.00000,0.00000,19.00000,0.00000,42.00000,30.00000,41.00000,438.00000,35.00000,29.00000
2022_M_extract,0.00000,7.00000,412.00000,0.00000,0.00000,0.00000,0.00000,17.00000,16.00000,70.00000,30.00000,21.00000,91.00000,12.00000,5.00000,49.00000,5.00000,5.00000,1172.00000,118.00000,6.00000,30.00000,837.00000,0.00000,0.00000,201.00000,0.00000,0.00000,7.00000,0.00000,128.00000,0.00000,0.00000,0.00000,0.00000,0.00000,0.00000,118.00000,0.00000,0.00000,0.00000,10.00000,160.00000,0.00000,0.00000,0.00000,0.00000,31.00000,17.00000,584.00000,3.00000,5.00000,0.00000,0.00000,0.00000,0.00000,35.00000,117.00000,61.00000,28.00000,9.00000,71.00000,0.00000,0.00000,1150.00000,0.00000,9.00000,0.00000,10.00000,0.00000,17.00000,0.00000,133.00000,424.00000,768.00000,0.00000,701.00000,1823.00000,11.00000,2.00000,12.00000,23.00000,196.00000,170.00000,23.00000,8.00000,134.00000,52.00000,0.00000,14.00000,71.00000,0.00000,28.00000,0.00000,0.00000,12.00000,31.00000,0.00000,0.00000,0.00000,0.00000,0.00000,0.00000,0.00000,0.00000,42.00000,0.00000,41.00000,0.00000,26.00000,25.00000
2022_M_geno,0.00000,7.00000,391.00000,0.00000,0.00000,0.00000,0.00000,17.00000,16.00000,70.00000,28.00000,21.00000,0.00000,12.00000,5.00000,49.00000,5.00000,0.00000,1133.00000,118.00000,6.00000,30.00000,816.00000,0.00000,0.00000,181.00000,0.00000,0.00000,7.00000,0.00000,121.00000,0.00000,0.00000,0.00000,0.00000,0.00000,0.00000,118.00000,0.00000,0.00000,0.00000,10.00000,154.00000,0.00000,0.00000,0.00000,0.00000,22.00000,0.00000,583.00000,3.00000,4.00000,0.00000,0.00000,0.00000,0.00000,0.00000,100.00000,61.00000,28.00000,9.00000,67.00000,0.00000,0.00000,1138.00000,0.00000,8.00000,0.00000,8.00000,0.00000,17.00000,0.00000,133.00000,415.00000,610.00000,0.00000,688.00000,1820.00000,7.00000,0.00000,11.00000,22.00000,192.00000,170.00000,0.00000,7.00000,132.00000,51.00000,0.00000,14.00000,26.00000,0.00000,28.00000,0.00000,0.00000,12.00000,19.00000,0.00000,0.00000,0.00000,0.00000,0.00000,0.00000,0.00000,0.00000,39.00000,0.00000,24.00000,0.00000,24.00000,24.00000
2022_Tag_Rate,0.00000,0.80000,0.80244,0.00000,0.00000,0.00000,0.00000,0.89198,1*,0.84337,0.80889,0.78571,0.00000,1.00000,1*,1.00000,1.00000,0.00000,0.84301,0.94915,0.85714,0.85294,0.66140,0.00000,0.00000,0.91527,0.00000,0.00000,0.66667,0.00000,0.79179,0.00000,0.00000,0.00000,0.00000,0.00000,0.00000,0.92373,0.00000,0.00000,0.00000,>1,0.85611,0.00000,0.00000,0.00000,0.00000,0.34479,0.00000,0.99650,1.00000,1*,0.00000,0.00000,0.00000,0.00000,0.00000,0.73600,0.96610,1*,0.72000,0.90573,0.00000,0.00000,0.81694,0.00000,0.72000,0.00000,0.71111,0.00000,1.00000,0.00000,>1,0.93442,0.71040,0.00000,0.94079,0.89594,0.53846,0.00000,0.28373,0.95652,0.99482,0.97674,0.00000,0.87500,0.97048,0.96191,0.00000,1.00000,0.16034,0.00000,1.00000,0.00000,0.00000,1.00000,0.43678,0.00000,0.00000,0.00000,0.00000,0.00000,0.00000,0.00000,0.00000,0.85714,0.00000,0.49531,0.00000,0.68571,0.82759
